sic72,sic77,mappings,weight_mappings
01--,01--,21,1
0100,0100,21,1
0110,0110,5,1
0111,0111,1,1
0112,0112,1,1
0115,0115,1,1
0116,0116,1,1
0119,0119,1,1
0130,0130,5,1
0131,0131,1,1
0132,0132,1,1
0133,0133,1,1
0134,0134,1,1
0139,0139,1,1
0160,0160,1,1
0161,0161,1,1
0170,0170,6,1
0171,0171,1,1
0172,0172,1,1
0173,0173,1,1
0174,0174,1,1
0175,0175,1,1
0179,0179,1,1
0180,0180,3,1
0181,0181,1,1
0182,0182,1,1
0189,0189,1,1
0190,0190,1,1
0191,0191,1,1
02--,02--,15,1
0200,0200,15,1
0210,0210,5,1
0211,0211,1,1
0212,0212,1,1
0213,0213,1,1
0214,0214,1,1
0219,0219,1,1
0240,0240,1,1
0241,0241,1,1
0250,0250,5,1
0251,0251,1,1
0252,0252,1,1
0253,0253,1,1
0254,0254,1,1
0259,0259,1,1
0270,0270,3,1
0271,0271,1,1
0272,0272,1,1
0279,0279,1,1
0290,0290,1,1
0291,0291,1,1
07--,07--,25,1
0700,0700,15,1
0710,0710,1,1
0711,0711,1,1
0720,0720,5,1
0721,0721,1,1
0722,0722,1,1
0723,0723,1,1
0724,0724,1,1
0729,0729,1,1
0740,0740,2,1
0741,0741,1,1
0742,0742,1,1
0750,0750,2,1
0751,0751,1,1
0752,0752,1,1
0760,0760,2,1
0761,0761,1,1
0762,0762,1,1
0780,0780,3,1
0781,0781,1,1
0782,0782,1,1
0783,0783,1,1
0800,0800,5,1
0810,0810,1,1
0811,0811,1,1
0820,0820,1,1
0821,0821,1,1
0840,0840,2,1
0843,0843,1,1
0849,0849,1,1
0850,0850,1,1
0851,0851,1,1
0900,0900,6,1
0910,0910,3,1
0912,0912,1,1
0913,0913,1,1
0919,0919,1,1
0920,0920,1,1
0921,0921,1,1
0970,0970,1,1
0971,0971,1,1
0980,0980,1,1
098\,098\,1,1
10--,10--,42,1
1000,1000,11,1
1010,1010,1,1
1011,1011,1,1
1020,1020,1,1
1021,1021,1,1
1030,1030,1,1
1031,1031,1,1
1040,1040,2,1
1041,1041,1,1
1044,1044,1,1
1050,1050,1,1
1051,1051,1,1
1060,1060,1,1
1061,1061,1,1
1080,1080,1,1
1081,1081,1,1
1090,1090,3,1
1092,1092,1,1
1094,1094,1,1
1099,1099,1,1
1100,1100,2,1
1110,1110,2,1
1111,1111,1,1
1112,1112,1,1
1200,1200,2,1
1210,1210,2,1
1211,1211,1,1
1213,1213,1,1
1300,1300,5,1
1310,1310,1,1
1311,1311,1,1
1320,1320,1,1
1321,1321,1,1
1380,1380,3,1
1381,1381,1,1
1382,1382,1,1
1389,1389,1,1
1400,1400,23,1
1410,1410,1,1
1411,1411,1,1
1420,1420,3,1
1422,1422,1,1
1423,1423,1,1
1429,1429,1,1
1440,1440,2,1
1442,1442,1,1
1446,1446,1,1
1450,1450,5,1
1452,1452,1,1
1453,1453,1,1
1454,1454,1,1
1455,1455,1,1
1459,1459,1,1
1470,1470,7,1
1472,1472,1,1
1473,1473,1,1
1474,1474,1,1
1475,1475,1,1
1476,1476,1,1
1477,1477,1,1
1479,1479,1,1
1480,1480,1,1
1481,1481,1,1
1490,1490,4,1
1492,1492,1,1
1496,1496,1,1
1499,1499,1,1
149\,149\,1,1
15--,15--,27,1
1500,1500,6,1
1510,1520,1,1
1520,1520,2,1
1521,1521,1,1
1522,1522,1,1
1530,1530,1,1
1531,1531,1,1
1540,1540,2,1
1541,1541,1,1
1542,1542,1,1
1600,1600,4,1
1610,1610,1,1
1611,1611,1,1
1620,1620,3,1
1622,1622,1,1
1623,1623,1,1
1629,1629,1,1
1700,1700,18,1
1710,1710,1,1
1711,1711,1,1
1720,1720,1,1
1721,1721,1,1
1730,1730,1,1
1731,1731,1,1
1740,1740,3,1
1741,1741,1,1
1742,1742,1,1
1743,1743,1,1
1750,1750,2,1
1751,1751,1,1
1752,1752,1,1
1760,1760,1,1
1761,1761,1,1
1770,1770,1,1
1771,1771,1,1
1780,1780,1,1
1781,1781,1,1
1790,1790,7,1
1791,1791,1,1
1793,1793,1,1
1794,1794,1,1
1795,1795,1,1
1796,1796,1,1
1799,1799,1,1
179\,179\,1,1
20--,20--,452,1
2000,2000,47,1
2010,2010,4,1
2011,2011,1,1
2013,2013,1,1
2016,2016,1,1
2017,2017,1,1
2020,2020,5,1
2021,2021,1,1
2022,2022,1,1
2023,2023,1,1
2024,2024,1,1
2026,2026,1,1
2030,2030,6,1
2032,2032,1,1
2033,2033,1,1
2034,2034,1,1
2035,2035,1,1
2037,2037,1,1
2038,2038,1,1
2040,2040,7,1
2041,2041,1,1
2043,2043,1,1
2044,2044,1,1
2045,2045,1,1
2046,2046,1,1
2047,2047,1,1
2048,2048,1,1
2050,2050,2,1
2051,2051,1,1
2052,2052,1,1
2060,2060,6,1
2061,2061,1,1
2062,2062,1,1
2063,2063,1,1
2065,2065,1,1
2066,2066,1,1
2067,2067,1,1
2070,2070,5,1
2074,2074,1,1
2075,2075,1,1
2076,2076,1,1
2077,2077,1,1
2079,2079,1,1
2080,2080,6,1
2082,2082,1,1
2083,2083,1,1
2084,2084,1,1
2085,2085,1,1
2086,2086,1,1
2087,2087,1,1
2090,2090,6,1
2091,2091,1,1
2092,2092,1,1
2095,2095,1,1
2097,2097,1,1
2098,2098,1,1
2099,2099,1,1
2100,2100,4,1
2110,2110,1,1
2111,2111,1,1
2120,2120,1,1
2121,2121,1,1
2130,2130,1,1
2131,2131,1,1
2140,2140,1,1
2141,2141,1,1
2200,2200,30,1
2210,2210,1,1
2211,2211,1,1
2220,2220,1,1
2221,2221,1,1
2230,2230,1,1
2231,2231,1,1
2240,2240,1,1
2241,2241,1,1
2250,2250,7,1
2251,2251,1,1
2252,2252,1,1
2253,2253,1,1
2254,2254,1,1
2257,2257,1,1
2258,2258,1,1
2259,2259,1,1
2260,2260,3,1
2261,2261,1,1
2262,2262,1,1
2269,2269,1,1
2270,2270,3,1
2271,2271,1,1
2272,2272,1,1
2279,2279,1,1
2280,2280,4,1
2281,2281,1,1
2282,2282,1,1
2283,2283,1,1
2284,2284,1,1
2290,2290,9,1
2291,2291,1,1
2292,2292,1,1
2293,2293,1,1
2294,2294,1,1
2295,2295,1,1
2296,2296,1,1
2297,2297,1,1
2298,2298,1,1
2299,2299,1,1
2300,2300,33,1
2310,2310,1,1
2311,2311,1,1
2320,2320,6,1
2321,2321,1,1
2322,2322,1,1
2323,2323,1,1
2327,2327,1,1
2328,2328,1,1
2329,2329,1,1
2330,2330,4,1
2331,2331,1,1
2335,2335,1,1
2337,2337,1,1
2339,2339,1,1
2340,2340,2,1
2341,2341,1,1
2342,2342,1,1
2350,2350,2,1
2351,2351,1,1
2352,2352,1,1
2360,2360,3,1
2361,2361,1,1
2363,2363,1,1
2369,2369,1,1
2370,2370,1,1
2371,2371,1,1
2380,2380,6,1
2381,2381,1,1
2384,2384,1,1
2385,2385,1,1
2386,2386,1,1
2387,2387,1,1
2389,2389,1,1
2390,2390,8,1
2391,2391,1,1
2392,2392,1,1
2393,2393,1,1
2394,2394,1,1
2395,2395,1,1
2396,2396,1,1
2397,2397,1,1
2399,2399,1,1
2400,2400,17,1
2410,2410,1,1
2411,2411,1,1
2420,2420,3,1
2421,2421,1,1
2426,2426,1,1
2429,2429,1,1
2430,2430,5,1
2431,2431,1,1
2434,2434,1,1
2435,2435,1,1
2436,2436,1,1
2439,2439,1,1
2440,2440,3,1
2441,2441,1,1
2448,2448,1,1
2449,2449,1,1
2450,2450,2,1
2451,2451,1,1
2452,2452,1,1
2490,2490,3,1
2491,2491,1,1
2492,2492,1,1
2499,2499,1,1
2500,2500,13,1
2510,2510,6,1
2511,2511,1,1
2512,2512,1,1
2514,2514,1,1
2515,2515,1,1
2517,2517,1,1
2519,2519,1,1
2520,2520,2,1
2521,2521,1,1
2522,2522,1,1
2530,2530,1,1
2531,2531,1,1
2540,2540,2,1
2541,2541,1,1
2542,2542,1,1
2590,2590,2,1
2591,2591,1,1
2599,2599,1,1
2600,2600,17,1
2610,2610,1,1
2611,2611,1,1
2620,2620,1,1
2621,2621,1,1
2630,2630,1,1
2631,2631,1,1
2640,2640,8,1
2641,2641,1,1
2642,2642,1,1
2643,2643,1,1
2645,2645,1,1
2646,2646,1,1
2647,2647,1,1
2648,2648,1,1
2649,2649,1,1
2650,2650,5,1
2651,2651,1,1
2652,2652,1,1
2653,2653,1,1
2654,2654,1,1
2655,2655,1,1
2660,2660,1,1
2661,2661,1,1
2700,2700,17,1
2710,2710,1,1
2711,2711,1,1
2720,2720,1,1
2721,2721,1,1
2730,2730,2,1
2731,2731,1,1
2732,2732,1,1
2740,2740,1,1
2741,2741,1,1
2750,2750,4,1
2751,2751,1,1
2752,2752,1,1
2753,2753,1,1
2754,2754,1,1
2760,2760,1,1
2761,2761,1,1
2770,2770,1,1
2771,2771,1,1
2780,2780,2,1
2782,2782,1,1
2789,2789,1,1
2790,2790,4,1
2791,2791,1,1
2793,2793,1,1
2794,2794,1,1
2795,2795,1,1
2800,2800,28,1
2810,2810,4,1
2812,2812,1,1
2813,2813,1,1
2816,2816,1,1
2819,2819,1,1
2820,2820,4,1
2821,2821,1,1
2822,2822,1,1
2823,2823,1,1
2824,2824,1,1
2830,2830,3,1
2831,2831,1,1
2833,2833,1,1
2834,2834,1,1
2840,2840,4,1
2841,2841,1,1
2842,2842,1,1
2843,2843,1,1
2844,2844,1,1
2850,2850,1,1
2851,2851,1,1
2860,2860,3,1
2861,2861,1,1
2865,2865,1,1
2869,2869,1,1
2870,2870,4,1
2873,2873,1,1
2874,2874,1,1
2875,2875,1,1
2879,2879,1,1
2890,2890,5,1
2891,2891,1,1
2892,2892,1,1
2893,2893,1,1
2895,2895,1,1
2899,2899,1,1
2900,2900,5,1
2910,2910,1,1
2911,2911,1,1
2950,2950,2,1
2951,2951,1,1
2952,2952,1,1
2990,2990,2,1
2992,2992,1,1
2999,2999,1,1
3000,3000,6,1
3010,3010,1,1
3011,3011,1,1
3020,3020,1,1
3021,3021,1,1
3030,3030,1,1
3031,3031,1,1
3040,3040,1,1
3041,3041,1,1
3060,3060,1,1
3069,3069,1,1
3070,3070,1,1
3079,3079,1,1
3100,3100,11,1
3110,3110,1,1
3111,3111,1,1
3130,3130,1,1
3131,3131,1,1
3140,3140,4,1
3142,3142,1,1
3143,3143,1,1
3144,3144,1,1
3149,3149,1,1
3150,3150,1,1
3151,3151,1,1
3160,3160,1,1
3161,3161,1,1
3170,3170,2,1
3171,3171,1,1
3172,3172,1,1
3190,3190,1,1
3199,3199,1,1
3200,3200,27,1
3210,3210,1,1
3211,3211,1,1
3220,3220,2,1
3221,3221,1,1
3229,3229,1,1
3230,3230,1,1
3231,3231,1,1
3240,3240,1,1
3241,3241,1,1
3250,3250,4,1
3251,3251,1,1
3253,3253,1,1
3255,3255,1,1
3259,3259,1,1
3260,3260,5,1
3261,3261,1,1
3262,3262,1,1
3263,3263,1,1
3264,3264,1,1
3269,3269,1,1
3270,3270,5,1
3271,3271,1,1
3272,3272,1,1
3273,3273,1,1
3274,3274,1,1
3275,3275,1,1
3280,3280,1,1
3281,3281,1,1
3290,3290,7,1
3291,3291,1,1
3292,3292,1,1
3293,3293,1,1
3295,3295,1,1
3296,3296,1,1
3297,3297,1,1
3299,3299,1,1
3300,3300,26,1
3310,3310,5,1
3312,3312,1,1
3313,3313,1,1
3315,3315,1,1
3316,3316,1,1
3317,3317,1,1
3320,3320,4,1
3321,3321,1,1
3322,3322,1,1
3324,3324,1,1
3325,3325,1,1
3330,3330,5,1
3331,3331,1,1
3332,3332,1,1
3333,3333,1,1
3334,3334,1,1
3339,3339,1,1
3340,3340,1,1
3341,3341,1,1
3350,3350,6,1
3351,3351,1,1
3353,3353,1,1
3354,3354,1,1
3355,3355,1,1
3356,3356,1,1
3357,3357,1,1
3360,3360,3,1
3361,3361,1,1
3362,3362,1,1
3369,3369,1,1
3390,3390,2,1
3398,3398,1,1
3399,3399,1,1
3400,3400,36,1
3410,3410,2,1
3411,3411,1,1
3412,3412,1,1
3420,3420,4,1
3421,3421,1,1
3423,3423,1,1
3425,3425,1,1
3429,3429,1,1
3430,3430,3,1
3431,3431,1,1
3432,3432,1,1
3433,3433,1,1
3440,3440,7,1
3441,3441,1,1
3442,3442,1,1
3443,3443,1,1
3444,3444,1,1
3446,3446,1,1
3448,3448,1,1
3449,3449,1,1
3450,3450,2,1
3451,3451,1,1
3452,3452,1,1
3460,3460,5,1
3462,3462,1,1
3463,3463,1,1
3465,3465,1,1
3466,3466,1,1
3469,3469,1,1
3470,3470,2,1
3471,3471,1,1
3479,3479,1,1
3480,3480,4,1
3482,3482,1,1
3483,3483,1,1
3484,3484,1,1
3489,3489,1,1
3490,3490,7,1
3493,3493,1,1
3494,3494,1,1
3495,3495,1,1
3496,3496,1,1
3497,3497,1,1
3498,3498,1,1
3499,3499,1,1
3500,3500,45,1
3510,3510,2,1
3511,3511,1,1
3519,3519,1,1
3520,3520,2,1
3523,3523,1,1
3524,3524,1,1
3530,3530,7,1
3531,3531,1,1
3532,3532,1,1
3533,3533,1,1
3534,3534,1,1
3535,3535,1,1
3536,3536,1,1
3537,3537,1,1
3540,3540,7,1
3541,3541,1,1
3542,3542,1,1
3544,3544,1,1
3545,3545,1,1
3546,3546,1,1
3547,3547,1,1
3549,3549,1,1
3550,3550,6,1
3551,3551,1,1
3552,3552,1,1
3553,3553,1,1
3554,3554,1,1
3555,3555,1,1
3559,3559,1,1
3560,3560,9,1
3561,3561,1,1
3562,3562,1,1
3563,3563,1,1
3564,3564,1,1
3565,3565,1,1
3566,3566,1,1
3567,3567,1,1
3568,3568,1,1
3569,3569,1,1
3570,3570,5,1
3572,3572,1,1
3573,3573,1,1
3574,3574,1,1
3576,3576,1,1
3579,3579,1,1
3580,3580,5,1
3581,3581,1,1
3582,3582,1,1
3585,3585,1,1
3586,3586,1,1
3589,3589,1,1
3590,3590,2,1
3592,3592,1,1
3599,3599,1,1
3600,3600,39,1
3610,3610,2,1
3612,3612,1,1
3613,3613,1,1
3620,3620,5,1
3621,3621,1,1
3622,3622,1,1
3623,3623,1,1
3624,3624,1,1
3629,3629,1,1
3630,3630,7,1
3631,3631,1,1
3632,3632,1,1
3633,3633,1,1
3634,3634,1,1
3635,3635,1,1
3636,3636,1,1
3639,3639,1,1
3640,3640,7,1
3641,3641,1,1
3643,3643,1,1
3644,3644,1,1
3645,3645,1,1
3646,3646,1,1
3647,3647,1,1
3648,3648,1,1
3650,3650,2,1
3651,3651,1,1
3652,3652,1,1
3660,3660,2,1
3661,3661,1,1
3662,3662,1,1
3670,3670,9,1
3671,3671,1,1
3672,3672,1,1
3673,3673,1,1
3674,3674,1,1
3675,3675,1,1
3676,3676,1,1
3677,3677,1,1
3678,3678,1,1
3679,3679,1,1
3690,3690,5,1
3691,3691,1,1
3692,3692,1,1
3693,3693,1,1
3694,3694,1,1
3699,3699,1,1
3700,3700,18,1
3710,3710,4,1
3711,3711,1,1
3713,3713,1,1
3714,3714,1,1
3715,3715,1,1
3720,3720,3,1
3721,3721,1,1
3724,3724,1,1
3728,3728,1,1
3730,3730,2,1
3731,3731,1,1
3732,3732,1,1
3740,3740,1,1
3743,3743,1,1
3750,3750,1,1
3751,3751,1,1
3760,3760,3,1
3761,3761,1,1
3764,3764,1,1
3769,3769,1,1
3790,3710,1,.25
3790,3790,3,.75
3792,3716,1,.5
3792,3792,1,.5
3795,3795,1,1
3799,3799,1,1
3800,3800,13,1
3810,3810,1,1
3811,3811,1,1
3820,3820,5,1
3822,3822,1,1
3823,3823,1,1
3824,3824,1,1
3825,3825,1,1
3829,3829,1,1
3830,3830,1,1
3832,3832,1,1
3840,3840,3,1
3841,3841,1,1
3842,3842,1,1
3843,3843,1,1
3850,3850,1,1
3851,3851,1,1
3860,3860,1,1
3861,3861,1,1
3870,3870,1,1
3873,3873,1,1
3900,3900,21,1
3910,3910,3,1
3911,3911,1,1
3914,3914,1,1
3915,3915,1,1
3930,3930,1,1
3931,3931,1,1
3940,3940,3,1
3942,3942,1,1
3944,3944,1,1
3949,3949,1,1
3950,3950,4,1
3951,3951,1,1
3952,3952,1,1
3953,3953,1,1
3955,3955,1,1
3960,3960,4,1
3961,3961,1,1
3962,3962,1,1
3963,3963,1,1
3964,3964,1,1
3990,3990,6,1
3991,3991,1,1
3993,3993,1,1
3995,3995,1,1
3996,3996,1,1
3999,3999,1,1
399\,399\,1,1
40--,40--,70,1
4000,4000,3,1
4010,4010,2,1
4011,4011,1,1
4013,4013,1,1
4040,4010,1,1
4041,4010,1,1
4100,4100,9,1
4110,4110,2,1
4111,4111,1,1
4119,4119,1,1
4120,4120,1,1
4121,4121,1,1
4130,4130,1,1
4131,4131,1,1
4140,4140,2,1
4141,4141,1,1
4142,4142,1,1
4150,4150,1,1
4151,4151,1,1
4170,4170,2,1
4171,4171,1,1
4172,4172,1,1
4200,4200,9,1
4210,4210,3,1
4212,4212,1,1
4213,4213,1,1
4214,4214,1,1
4220,4220,5,1
4221,4221,1,1
4222,4222,1,1
4224,4224,1,1
4225,4225,1,1
4226,4226,1,1
4230,4230,1,1
4231,4231,1,1
4300,4300,1,1
4310,4310,1,1
4311,4311,1,1
4400,4400,13,1
4410,4410,1,1
4411,4411,1,1
4420,4420,3,1
4421,4421,1,1
4422,4422,1,1
4423,4423,1,1
4430,4430,1,1
4431,4431,1,1
4440,4440,1,1
4441,4441,1,1
4450,4450,4,1
4452,4452,1,1
4453,4453,1,1
4454,4454,1,1
4459,4459,1,1
4460,4460,3,1
4463,4463,1,1
4464,4464,1,1
4469,4469,1,1
4500,4500,4,1
4510,4510,1,1
4511,4511,1,1
4520,4520,1,1
4521,4521,1,1
4580,4580,2,1
4582,4582,1,1
4583,4583,1,1
4600,4600,3,1
4610,4610,3,1
4612,4612,1,1
4613,4613,1,1
4619,4619,1,1
4700,4700,9,1
4710,4710,1,1
4712,4712,1,1
4720,4720,2,1
4722,4722,1,1
4723,4723,1,1
4740,4740,2,1
4742,4742,1,1
4743,4743,1,1
4780,4780,4,1
4782,4782,1,1
4783,4783,1,1
4784,4784,1,1
4789,4789,1,1
4800,4800,5,1
4810,4810,1,1
4811,4811,1,1
4820,4820,1,1
4821,4821,1,1
4830,4830,2,1
4832,4832,1,1
4833,4833,1,1
4890,4890,1,1
4899,4899,1,1
4900,4900,15,1
4910,4910,1,1
4911,4911,1,1
4920,4920,4,1
4922,4922,1,1
4923,4923,1,1
4924,4924,1,1
4925,4925,1,1
4930,4930,3,1
4931,4931,1,1
4932,4932,1,1
4939,4939,1,1
4940,4940,1,1
4941,4941,1,1
4950,4950,3,1
4952,4952,1,1
4953,4953,1,1
4959,4959,1,1
4960,4960,1,1
4961,4961,1,1
4970,4970,2,1
4971,4971,1,1
497\,497\,1,1
50--,50--,61,1
5000,5000,30,1
5010,5010,3,1
5012,5012,1,1
5013,5013,1,1
5014,5014,1,1
5020,5020,2,1
5021,5021,1,1
5023,5023,1,1
5030,5030,2,1
5031,5031,1,1
5039,5039,1,1
5040,5040,3,1
5041,5041,1,1
5042,5042,1,1
5043,5043,1,1
5050,5050,2,1
5051,5051,1,1
5052,5052,1,1
5060,5060,3,1
5063,5063,1,1
5064,5064,1,1
5065,5065,1,1
5070,5070,4,1
5072,5072,1,1
5074,5074,1,1
5075,5075,1,1
5078,5078,1,1
5080,5080,8,1
5081,5081,1,1
5082,5082,1,1
5083,5083,1,1
5084,5084,1,1
5085,5085,1,1
5086,5086,1,1
5087,5087,1,1
5088,5088,1,1
5090,5090,3,1
5093,5093,1,1
5094,5094,1,1
5099,5099,1,1
5100,5100,32,1
5110,5110,3,1
5111,5111,1,1
5112,5112,1,1
5113,5113,1,1
5120,5120,1,1
5122,5122,1,1
5130,5130,5,1
5133,5133,1,1
5134,5134,1,1
5136,5136,1,1
5137,5137,1,1
5139,5139,1,1
5140,5140,9,1
5141,5141,1,1
5142,5142,1,1
5143,5143,1,1
5144,5144,1,1
5145,5145,1,1
5146,5146,1,1
5147,5147,1,1
5148,5148,1,1
5149,5149,1,1
5150,5150,4,1
5152,5152,1,1
5153,5153,1,1
5154,5154,1,1
5159,5159,1,1
5160,5160,1,1
5161,5161,1,1
5170,5170,2,1
5171,5171,1,1
5172,5172,1,1
5180,5180,2,1
5181,5181,1,1
5182,5182,1,1
5190,5190,5,1
5191,5191,1,1
5194,5194,1,1
5198,5198,1,1
5199,5199,1,1
519\,519\,1,1
52--,52--,64,1
5200,5200,5,1
5210,5210,1,1
5211,5211,1,1
5230,5230,1,1
5231,5231,1,1
5250,5250,1,1
5251,5251,1,1
5260,5260,1,1
5261,5261,1,1
5270,5270,1,1
5271,5271,1,1
5300,5300,3,1
5310,5310,1,1
5311,5311,1,1
5330,5330,1,1
5331,5331,1,1
5390,5390,1,1
5399,5399,1,1
5400,5400,9,1
5410,5410,1,1
5411,5411,1,1
5420,5420,2,1
5422,5422,1,1
5423,5423,1,1
5430,5430,1,1
5431,5431,1,1
5440,5440,1,1
5441,5441,1,1
5450,5450,1,1
5451,5451,1,1
5460,5460,2,1
5462,5462,1,1
5463,5463,1,1
5490,5490,1,1
5499,5499,1,1
5500,5500,8,1
5510,5510,1,1
5511,5511,1,1
5520,5520,1,1
5521,5521,1,1
5530,5530,1,1
5531,5531,1,1
5540,5540,1,1
5541,5541,1,1
5550,5550,1,1
5551,5551,1,1
5560,5560,1,1
5561,5561,1,1
5570,5570,1,1
5571,5571,1,1
5590,5590,1,1
5599,5599,1,1
5600,5600,8,1
5610,5610,1,1
5611,5611,1,1
5620,5620,1,1
5621,5621,1,1
5630,5630,1,1
5631,5631,1,1
5640,5640,1,1
5641,5641,1,1
5650,5650,1,1
5651,5651,1,1
5660,5660,1,1
5661,5661,1,1
5680,5680,1,1
5681,5681,1,1
5690,5690,1,1
5699,5699,1,1
5700,5700,7,1
5710,5710,4,1
5712,5712,1,1
5713,5713,1,1
5714,5714,1,1
5719,5719,1,1
5720,5720,1,1
5722,5722,1,1
5730,5730,2,1
5732,5732,1,1
5733,5733,1,1
5800,5800,2,1
5810,5810,2,1
5812,5812,1,1
5813,5813,1,1
5900,5900,23,1
5910,5910,1,1
5912,5912,1,1
5920,5920,1,1
5921,5921,1,1
5930,5930,1,1
5931,5931,1,1
5940,5940,9,1
5941,5941,1,1
5942,5942,1,1
5943,5943,1,1
5944,5944,1,1
5945,5945,1,1
5946,5946,1,1
5947,5947,1,1
5948,5948,1,1
5949,5949,1,1
5960,5960,3,1
5961,5961,1,1
5962,5962,1,1
5963,5963,1,1
5980,5980,3,1
5982,5982,1,1
5983,5983,1,1
5984,5984,1,1
5990,5990,5,1
5992,5992,1,1
5993,5993,1,1
5994,5994,1,1
5999,5999,1,1
599\,599\,1,1
60--,60--,71,1
6000,6000,18,1
6010,6010,1,1
6011,6011,1,1
6020,6020,7,1
6022,6022,1,1
6023,6023,1,1
6024,6024,1,1
6025,6025,1,1
6026,6026,1,1
6027,6027,1,1
6028,6028,1,1
6030,6030,3,1
6032,6032,1,1
6033,6033,1,1
6034,6034,1,1
6040,6040,2,1
6042,6042,1,1
6044,6044,1,1
6050,6050,5,1
6052,6052,1,1
6054,6054,1,1
6055,6055,1,1
6056,6056,1,1
6059,6059,1,1
6100,6100,17,1
6110,6110,2,1
6112,6112,1,1
6113,6113,1,1
6120,6120,4,1
6122,6122,1,1
6123,6123,1,1
6124,6124,1,1
6125,6125,1,1
6130,6130,1,1
6131,6131,1,1
6140,6140,6,1
6142,6142,1,1
6143,6143,1,1
6144,6144,1,1
6145,6145,1,1
6146,6146,1,1
6149,6149,1,1
6150,6150,2,1
6153,6153,1,1
6159,6159,1,1
6160,6160,2,1
6162,6162,1,1
6163,6163,1,1
6200,6200,4,1
6210,6210,1,1
6211,6211,1,1
6220,6220,1,1
6221,6221,1,1
6230,6230,1,1
6231,6231,1,1
6280,6280,1,1
6281,6281,1,1
6300,6300,8,1
6310,6310,1,1
6311,6311,1,1
6320,6320,2,1
6321,6321,1,1
6324,6324,1,1
6330,6330,1,1
6331,6331,1,1
6350,6350,1,1
6351,6351,1,1
6360,6360,1,1
6361,6361,1,1
6370,6370,1,1
6371,6371,1,1
6390,6390,1,1
6399,6399,1,1
6400,6400,1,1
6410,6410,1,1
6411,6411,1,1
6500,6500,10,1
6510,6510,6,1
6512,6512,1,1
6513,6513,1,1
6514,6514,1,1
6515,6515,1,1
6517,6517,1,1
6519,6519,1,1
6530,6530,1,1
6531,6531,1,1
6540,6540,1,1
6541,6541,1,1
6550,6550,2,1
6552,6552,1,1
6553,6553,1,1
6600,6600,1,1
6610,6610,1,1
6611,6611,1,1
6700,6700,13,1
6710,6710,1,1
6711,6711,1,1
6720,6720,4,1
6722,6722,1,1
6723,6723,1,1
6724,6724,1,1
6725,6725,1,1
6730,6730,2,1
6732,6732,1,1
6733,6733,1,1
6790,6790,6,1
6792,6792,1,1
6793,6793,1,1
6794,6794,1,1
6799,6798,1,.5
6799,6799,1,.5
679\,679\,1,1
70--,70--,132,1
7000,7000,5,1
7010,7010,1,1
7011,7011,1,1
7020,7020,1,1
7021,7021,1,1
7030,7030,2,1
7032,7032,1,1
7033,7033,1,1
7040,7040,1,1
7041,7041,1,1
7200,7200,15,1
7210,7210,9,1
7211,7211,1,1
7212,7212,1,1
7213,7213,1,1
7214,7214,1,1
7215,7215,1,1
7216,7216,1,1
7217,7217,1,1
7218,7218,1,1
7219,7219,1,1
7220,7220,1,1
7221,7221,1,1
7230,7230,1,1
7231,7231,1,1
7240,7240,1,1
7241,7241,1,1
7250,7250,1,1
7251,7251,1,1
7260,7260,1,1
7261,7261,1,1
7290,7290,1,1
7299,7299,1,1
7300,7300,27,1
7310,7310,4,1
7311,7311,1,1
7312,7312,1,1
7313,7313,1,1
7319,7319,1,1
7320,7320,1,1
7321,7321,1,1
7330,7330,4,1
7331,7331,1,1
7332,7332,1,1
7333,7333,1,1
7339,7339,1,1
7340,7340,3,1
7341,7341,1,1
7342,7342,1,1
7349,7349,1,1
7350,7350,1,1
7351,7351,1,1
7360,7360,3,1
7361,7361,1,1
7362,7362,1,1
7369,7369,1,1
7370,7370,3,1
7372,7372,1,1
7374,7374,1,1
7379,7379,1,1
7390,7390,8,1
7391,7391,1,1
7392,7392,1,1
7393,7393,1,1
7394,7394,1,1
7395,7395,1,1
7396,7396,1,1
7397,7397,1,1
7399,7399,1,1
7500,7500,12,1
7510,7510,3,1
7512,7512,1,1
7513,7513,1,1
7519,7519,1,1
7520,7520,2,1
7523,7523,1,1
7525,7525,1,1
7530,7530,5,1
7531,7531,1,1
7534,7534,1,1
7535,7535,1,1
7538,7538,1,1
7539,7539,1,1
7540,7540,2,1
7542,7542,1,1
7549,7549,1,1
7600,7600,8,1
7620,7620,3,1
7622,7622,1,1
7623,7623,1,1
7629,7629,1,1
7630,7630,1,1
7631,7631,1,1
7640,7640,1,1
7641,7641,1,1
7690,7690,3,1
7692,7692,1,1
7694,7694,1,1
7699,7699,1,1
7800,7800,8,1
7810,7810,3,1
7813,7813,1,1
7814,7814,1,1
7819,7819,1,1
7820,7820,3,1
7823,7823,1,1
7824,7824,1,1
7829,7829,1,1
7830,7830,2,1
7832,7832,1,1
7833,7833,1,1
7900,7900,12,1
7910,7910,1,1
7911,7911,1,1
7920,7920,2,1
7922,7922,1,1
7929,7929,1,1
7930,7930,2,1
7932,7932,1,1
7933,7933,1,1
7940,7940,2,1
7941,7941,1,1
7948,7948,1,1
7990,7990,5,1
7992,7992,1,1
7993,7993,1,1
7996,7996,1,1
7997,7997,1,1
7999,7999,1,1
8000,8000,15,1
8010,8010,1,1
8011,8011,1,1
8020,8020,1,1
8021,8021,1,1
8030,8030,1,1
8031,8031,1,1
8040,8040,3,1
8041,8041,1,1
8042,8042,1,1
8049,8049,1,1
8050,8050,2,1
8051,8051,1,1
8059,8059,1,1
8060,8060,3,1
8062,8062,1,1
8063,8063,1,1
8069,8069,1,1
8070,8070,2,1
8071,8071,1,1
8072,8072,1,1
8080,8080,1,1
8081,8081,1,1
8090,8090,1,1
8091,8091,1,1
8100,8100,1,1
8110,8110,1,1
8111,8111,1,1
8200,8200,9,1
8210,8210,1,1
8211,8211,1,1
8220,8220,2,1
8221,8221,1,1
8222,8222,1,1
8230,8230,1,1
8231,8231,1,1
8240,8240,4,1
8241,8241,1,1
8243,8243,1,1
8244,8244,1,1
8249,8249,1,1
8290,8290,1,1
8299,8299,1,1
8300,8300,6,1
8310,8310,1,1
8320,8320,1,1
8321,8321,1,1
8330,8330,1,1
8331,8331,1,1
8350,8350,1,1
8351,8351,1,1
8360,8360,1,1
8361,8361,1,1
8390,8390,1,1
8399,8399,1,1
8400,8400,2,1
8410,8410,1,1
8411,8411,1,1
8420,8420,1,1
8421,8421,1,1
8600,8600,7,1
8610,8610,1,1
8611,8611,1,1
8620,8620,1,1
8621,8621,1,1
8630,8630,1,1
8631,8631,1,1
8640,8640,1,1
8641,8641,1,1
8650,8650,1,1
8651,8651,1,1
8660,8660,1,1
8661,8661,1,1
8690,8690,1,1
8699,8699,1,1
8800,8800,1,1
8810,8810,1,1
8811,8811,1,1
8900,8900,5,1
8910,8910,1,1
8911,8911,1,1
8920,8920,1,1
8922,8922,1,1
8930,8930,1,1
8931,8931,1,1
8990,8990,2,1
8999,8999,1,1
899\,899\,1,1
9100,9100,4,1
9110,9110,1,1
9111,9111,1,1
9120,9120,1,1
9121,9121,1,1
9130,9130,1,1
9131,9131,1,1
9190,9190,1,1
9199,9199,1,1
9200,9200,6,1
9210,9210,1,1
9211,9211,1,1
9220,9220,5,1
9221,9221,1,1
9222,9222,1,1
9223,9223,1,1
9224,9224,1,1
9229,9229,1,1
9300,9300,1,1
9310,9310,1,1
9311,9311,1,1
9400,9400,4,1
9410,9410,1,1
9411,9411,1,1
9430,9430,1,1
9431,9431,1,1
9440,9440,1,1
9441,9441,1,1
9450,9450,1,1
9451,9451,1,1
9500,9500,4,1
9510,9510,2,1
9511,9511,1,1
9512,9512,1,1
9530,9530,2,1
9531,9531,1,1
9532,9532,1,1
9600,9600,6,1
9610,9610,1,1
9611,9611,1,1
9620,9620,1,1
9621,9621,1,1
9630,9630,1,1
9631,9631,1,1
9640,9640,1,1
9641,9641,1,1
9650,9650,1,1
9651,9651,1,1
9660,9660,1,1
9661,9661,1,1
9700,9700,2,1
9710,9710,1,1
9711,9711,1,1
9720,9720,1,1
9721,9721,1,1
99--,99--,27,1
