naics97,naics02,mappings,wt_mappings
11----,11----,64,1
111///,111///,30,1
1111//,1111//,8,1
11111/,11111/,1,1
111110,111110,1,1
11112/,11112/,1,1
111120,111120,1,1
11113/,11113/,1,1
111130,111130,1,1
11114/,11114/,1,1
111140,111140,1,1
11115/,11115/,1,1
111150,111150,1,1
11116/,11116/,1,1
111160,111160,1,1
11119/,11119/,2,1
111191,111191,1,1
111199,111199,1,1
1112//,1112//,2,1
11121/,11121/,2,1
111211,111211,1,1
111219,111219,1,1
1113//,1113//,9,1
11131/,11131/,1,1
111310,111310,1,1
11132/,11132/,1,1
111320,111320,1,1
11133/,11133/,7,1
111331,111331,1,1
111332,111332,1,1
111333,111333,1,1
111334,111334,1,1
111335,111335,1,1
111336,111336,1,1
111339,111339,1,1
1114//,1114//,4,1
11141/,11141/,2,1
111411,111411,1,1
111419,111419,1,1
11142/,11142/,2,1
111421,111421,1,1
111422,111422,1,1
1119//,1119//,7,1
11191/,11191/,1,1
111910,111910,1,1
11192/,11192/,1,1
111920,111920,1,1
11193/,11193/,1,1
111930,111930,1,1
11194/,11194/,1,1
111940,111940,1,1
11199/,11199/,3,1
111991,111991,1,1
111992,111992,1,1
111998,111998,1,1
112///,112///,19,1
1121//,1121//,4,1
11211/,11211/,2,1
112111,112111,1,1
112112,112112,1,1
11212/,11212/,1,1
112120,112120,1,1
11213/,11213/,1,1
112130,112130,1,1
1122//,1122//,1,1
11221/,11221/,1,1
112210,112210,1,1
1123//,1123//,5,1
11231/,11231/,1,1
112310,112310,1,1
11232/,11232/,1,1
112320,112320,1,1
11233/,11233/,1,1
112330,112330,1,1
11234/,11234/,1,1
112340,112340,1,1
11239/,11239/,1,1
112390,112390,1,1
1124//,1124//,2,1
11241/,11241/,1,1
112410,112410,1,1
11242/,11242/,1,1
112420,112420,1,1
1125//,1125//,3,1
11251/,11251/,3,1
112511,112511,1,1
112512,112512,1,1
112519,112519,1,1
1129//,1129//,4,1
11291/,11291/,1,1
112910,112910,1,1
11292/,11292/,1,1
112920,112920,1,1
11293/,11293/,1,1
112930,112930,1,1
11299/,11299/,1,1
112990,112990,1,1
113///,113///,3,1
1131//,1131//,1,1
11311/,11311/,1,1
113110,113110,1,1
1132//,1132//,1,1
11321/,11321/,1,1
113210,113210,1,1
1133//,1133//,1,1
11331/,11331/,1,1
113310,113310,1,1
114///,114///,4,1
1141//,1141//,3,1
11411/,11411/,3,1
114111,114111,1,1
114112,114112,1,1
114119,114119,1,1
1142//,1142//,1,1
11421/,11421/,1,1
114210,114210,1,1
115///,115///,8,1
1151//,1151//,6,1
11511/,11511/,6,1
115111,115111,1,1
115112,115112,1,1
115113,115113,1,1
115114,115114,1,1
115115,115115,1,1
115116,115116,1,1
1152//,1152//,1,1
11521/,11521/,1,1
115210,115210,1,1
1153//,1153//,1,1
11531/,11531/,1,1
115310,115310,1,1
21----,21----,29,.85294116
21----,23----,5,.14705883
211///,211///,2,1
2111//,2111//,2,1
21111/,21111/,2,1
211111,211111,1,1
211112,211112,1,1
212///,212///,22,1
2121//,2121//,3,1
21211/,21211/,3,1
212111,212111,1,1
212112,212112,1,1
212113,212113,1,1
2122//,2122//,7,1
21221/,21221/,1,1
212210,212210,1,1
21222/,21222/,2,1
212221,212221,1,1
212222,212222,1,1
21223/,21223/,2,1
212231,212231,1,1
212234,212234,1,1
21229/,21229/,2,1
212291,212291,1,1
212299,212299,1,1
2123//,2123//,12,1
21231/,21231/,4,1
212311,212311,1,1
212312,212312,1,1
212313,212313,1,1
212319,212319,1,1
21232/,21232/,4,1
212321,212321,1,1
212322,212322,1,1
212324,212324,1,1
212325,212325,1,1
21239/,21239/,4,1
212391,212391,1,1
212392,212392,1,1
212393,212393,1,1
212399,212399,1,1
213///,213///,5,.5
213///,237///,1,.1
213///,238///,4,.40000001
2131//,2131//,5,.5
2131//,2371//,1,.1
2131//,2389//,4,.40000001
21311/,21311/,5,.5
21311/,23712/,1,.1
21311/,23891/,4,.40000001
213111,213111,1,1
213112,213112,1,.33333334
213112,237120,1,.33333334
213112,238910,1,.33333334
213113,213113,1,.5
213113,238910,1,.5
213114,213114,1,.5
213114,238910,1,.5
213115,213115,1,.5
213115,238910,1,.5
22----,22----,10,1
221///,221///,10,1
2211//,2211//,6,1
22111/,22111/,4,1
221111,221111,1,1
221112,221112,1,1
221113,221113,1,1
221119,221119,1,1
22112/,22112/,2,1
221121,221121,1,1
221122,221122,1,1
2212//,2212//,1,1
22121/,22121/,1,1
221210,221210,1,1
2213//,2213//,3,1
22131/,22131/,1,1
221310,221310,1,1
22132/,22132/,1,1
221320,221320,1,1
22133/,22133/,1,1
221330,221330,1,1
23----,23----,59,1
233///,236///,10,.90909094
233///,237///,1,.090909094
2331//,2372//,1,1
23311/,23721/,1,1
233110,237210,1,1
2332//,2361//,6,.85714287
2332//,2362//,1,.14285715
23321/,23611/,3,1
233210,236115,1,.33333334
233210,236117,1,.33333334
233210,236118,1,.33333334
23322/,23611/,3,.75
23322/,23622/,1,.25
233220,236116,1,.25
233220,236117,1,.25
233220,236118,1,.25
233220,236220,1,.25
2333//,2362//,3,1
23331/,23621/,1,.5
23331/,23622/,1,.5
233310,236210,1,.5
233310,236220,1,.5
23332/,23622/,1,1
233320,236220,1,1
234///,236///,2,.14285715
234///,237///,10,.71428573
234///,238///,2,.14285715
2341//,2373//,2,.66666669
2341//,2379//,1,.33333334
23411/,23731/,1,1
234110,237310,1,1
23412/,23731/,1,.5
23412/,23799/,1,.5
234120,237310,1,.5
234120,237990,1,.5
2349//,2362//,2,.18181819
2349//,2371//,6,.54545456
2349//,2379//,1,.090909094
2349//,2389//,2,.18181819
23491/,23711/,1,.5
23491/,23712/,1,.5
234910,237110,1,.5
234910,237120,1,.5
23492/,23713/,1,1
234920,237130,1,1
23493/,23621/,1,.33333334
23493/,23712/,1,.33333334
23493/,23713/,1,.33333334
234930,236210,1,.33333334
234930,237120,1,.33333334
234930,237130,1,.33333334
23499/,23621/,1,.2
23499/,23711/,1,.2
23499/,23799/,1,.2
23499/,23891/,1,.2
23499/,23899/,1,.2
234990,236210,1,.2
234990,237110,1,.2
234990,237990,1,.2
234990,238910,1,.2
234990,238990,1,.2
235///,236///,1,.029411765
235///,237///,3,.088235296
235///,238///,30,.88235295
2351//,2382//,2,.66666669
2351//,2389//,1,.33333334
23511/,23821/,1,.33333334
23511/,23822/,1,.33333334
23511/,23891/,1,.33333334
235110,238210,1,.33333334
235110,238220,1,.33333334
235110,238910,1,.33333334
2352//,2373//,1,.5
2352//,2383//,1,.5
23521/,23731/,1,.5
23521/,23832/,1,.5
235210,237310,1,.5
235210,238320,1,.5
2353//,2382//,1,1
23531/,23821/,1,1
235310,238210,1,1
2354//,2381//,2,.5
2354//,2383//,2,.5
23541/,23814/,1,1
235410,238140,1,1
23542/,23814/,1,.5
23542/,23831/,1,.5
235420,238140,1,.5
235420,238310,1,.5
23543/,23834/,1,1
235430,238340,1,1
2355//,2381//,1,.33333334
2355//,2383//,2,.66666669
23551/,23813/,1,.5
23551/,23835/,1,.5
235510,238130,1,.5
235510,238350,1,.5
23552/,23833/,1,1
235520,238330,1,1
2356//,2381//,2,.66666669
2356//,2383//,1,.33333334
23561/,23816/,1,.33333334
23561/,23817/,1,.33333334
23561/,23839/,1,.33333334
235610,238160,1,.33333334
235610,238170,1,.33333334
235610,238390,1,.33333334
2357//,2381//,1,.5
2357//,2389//,1,.5
23571/,23811/,1,.5
23571/,23899/,1,.5
235710,238110,1,.5
235710,238990,1,.5
2358//,2371//,1,1
23581/,23711/,1,1
235810,237110,1,1
2359//,2362//,1,.06666667
2359//,2379//,1,.06666667
2359//,2381//,4,.26666668
2359//,2382//,4,.26666668
2359//,2383//,1,.06666667
2359//,2389//,4,.26666668
23591/,23812/,1,.33333334
23591/,23819/,1,.33333334
23591/,23822/,1,.33333334
235910,238120,1,.33333334
235910,238190,1,.33333334
235910,238220,1,.33333334
23592/,23815/,1,1
235920,238150,1,1
23593/,23891/,1,1
235930,238910,1,1
23594/,23891/,1,1
235940,238910,1,1
23595/,23822/,1,.5
23595/,23829/,1,.5
235950,238220,1,.5
235950,238290,1,.5
23599/,23622/,1,.14285715
23599/,23799/,1,.14285715
23599/,23819/,1,.14285715
23599/,23829/,1,.14285715
23599/,23839/,1,.14285715
23599/,23891/,1,.14285715
23599/,23899/,1,.14285715
235990,236220,1,.14285715
235990,237990,1,.14285715
235990,238190,1,.14285715
235990,238290,1,.14285715
235990,238390,1,.14285715
235990,238910,1,.14285715
235990,238990,1,.14285715
31----,31----,473,1
311///,311///,47,1
3111//,3111//,2,1
31111/,31111/,2,1
311111,311111,1,1
311119,311119,1,1
3112//,3112//,8,1
31121/,31121/,3,1
311211,311211,1,1
311212,311212,1,1
311213,311213,1,1
31122/,31122/,4,1
311221,311221,1,1
311222,311222,1,1
311223,311223,1,1
311225,311225,1,1
31123/,31123/,1,1
311230,311230,1,1
3113//,3113//,6,1
31131/,31131/,3,1
311311,311311,1,1
311312,311312,1,1
311313,311313,1,1
31132/,31132/,1,1
311320,311320,1,1
31133/,31133/,1,1
311330,311330,1,1
31134/,31134/,1,1
311340,311340,1,1
3114//,3114//,5,1
31141/,31141/,2,1
311411,311411,1,1
311412,311412,1,1
31142/,31142/,3,1
311421,311421,1,1
311422,311422,1,1
311423,311423,1,1
3115//,3115//,5,1
31151/,31151/,4,1
311511,311511,1,1
311512,311512,1,1
311513,311513,1,1
311514,311514,1,1
31152/,31152/,1,1
311520,311520,1,1
3116//,3116//,4,1
31161/,31161/,4,1
311611,311611,1,1
311612,311612,1,1
311613,311613,1,1
311615,311615,1,1
3117//,3117//,2,1
31171/,31171/,2,1
311711,311711,1,1
311712,311712,1,1
3118//,3118//,7,1
31181/,31181/,3,1
311811,311811,1,1
311812,311812,1,1
311813,311813,1,1
31182/,31182/,3,1
311821,311821,1,1
311822,311822,1,1
311823,311823,1,1
31183/,31183/,1,1
311830,311830,1,1
3119//,3119//,8,1
31191/,31191/,2,1
311911,311911,1,1
311919,311919,1,1
31192/,31192/,1,1
311920,311920,1,1
31193/,31193/,1,1
311930,311930,1,1
31194/,31194/,2,1
311941,311941,1,1
311942,311942,1,1
31199/,31199/,2,1
311991,311991,1,1
311999,311999,1,1
312///,312///,9,1
3121//,3121//,6,1
31211/,31211/,3,1
312111,312111,1,1
312112,312112,1,1
312113,312113,1,1
31212/,31212/,1,1
312120,312120,1,1
31213/,31213/,1,1
312130,312130,1,1
31214/,31214/,1,1
312140,312140,1,1
3122//,3122//,3,1
31221/,31221/,1,1
312210,312210,1,1
31222/,31222/,2,1
312221,312221,1,1
312229,312229,1,1
313///,313///,12,1
3131//,3131//,3,1
31311/,31311/,3,1
313111,313111,1,1
313112,313112,1,1
313113,313113,1,1
3132//,3132//,6,1
31321/,31321/,1,1
313210,313210,1,1
31322/,31322/,2,1
313221,313221,1,1
313222,313222,1,1
31323/,31323/,1,1
313230,313230,1,1
31324/,31324/,2,1
313241,313241,1,1
313249,313249,1,1
3133//,3133//,3,1
31331/,31331/,2,1
313311,313311,1,1
313312,313312,1,1
31332/,31332/,1,1
313320,313320,1,1
314///,314///,8,1
3141//,3141//,3,1
31411/,31411/,1,1
314110,314110,1,1
31412/,31412/,2,1
314121,314121,1,1
314129,314129,1,1
3149//,3149//,5,1
31491/,31491/,2,1
314911,314911,1,1
314912,314912,1,1
31499/,31499/,3,1
314991,314991,1,1
314992,314992,1,1
314999,314999,1,1
315///,315///,24,1
3151//,3151//,4,1
31511/,31511/,2,1
315111,315111,1,1
315119,315119,1,1
31519/,31519/,2,1
315191,315191,1,1
315192,315192,1,1
3152//,3152//,16,1
31521/,31521/,2,1
315211,315211,1,1
315212,315212,1,1
31522/,31522/,6,1
315221,315221,1,1
315222,315222,1,1
315223,315223,1,1
315224,315224,1,1
315225,315225,1,1
315228,315228,1,1
31523/,31523/,5,1
315231,315231,1,1
315232,315232,1,1
315233,315233,1,1
315234,315234,1,1
315239,315239,1,1
31529/,31529/,3,1
315291,315291,1,1
315292,315292,1,1
315299,315299,1,1
3159//,3159//,4,1
31599/,31599/,4,1
315991,315991,1,1
315992,315992,1,1
315993,315993,1,1
315999,315999,1,1
316///,316///,10,1
3161//,3161//,1,1
31611/,31611/,1,1
316110,316110,1,1
3162//,3162//,5,1
31621/,31621/,5,1
316211,316211,1,1
316212,316212,1,1
316213,316213,1,1
316214,316214,1,1
316219,316219,1,1
3169//,3169//,4,1
31699/,31699/,4,1
316991,316991,1,1
316992,316992,1,1
316993,316993,1,1
316999,316999,1,1
321///,321///,14,1
3211//,3211//,2,1
32111/,32111/,2,1
321113,321113,1,1
321114,321114,1,1
3212//,3212//,5,1
32121/,32121/,5,1
321211,321211,1,1
321212,321212,1,1
321213,321213,1,1
321214,321214,1,1
321219,321219,1,1
3219//,3219//,7,1
32191/,32191/,3,1
321911,321911,1,1
321912,321912,1,1
321918,321918,1,1
32192/,32192/,1,1
321920,321920,1,1
32199/,32199/,3,1
321991,321991,1,1
321992,321992,1,1
321999,321999,1,1
322///,322///,20,1
3221//,3221//,4,1
32211/,32211/,1,1
322110,322110,1,1
32212/,32212/,2,1
322121,322121,1,1
322122,322122,1,1
32213/,32213/,1,1
322130,322130,1,1
3222//,3222//,16,1
32221/,32221/,5,1
322211,322211,1,1
322212,322212,1,1
322213,322213,1,1
322214,322214,1,1
322215,322215,1,1
32222/,32222/,6,1
322221,322221,1,1
322222,322222,1,1
322223,322223,1,1
322224,322224,1,1
322225,322225,1,1
322226,322226,1,1
32223/,32223/,3,1
322231,322231,1,1
322232,322232,1,1
322233,322233,1,1
32229/,32229/,2,1
322291,322291,1,1
322299,322299,1,1
323///,323///,12,1
3231//,3231//,12,1
32311/,32311/,10,1
323110,323110,1,1
323111,323111,1,1
323112,323112,1,1
323113,323113,1,1
323114,323114,1,1
323115,323115,1,1
323116,323116,1,1
323117,323117,1,1
323118,323118,1,1
323119,323119,1,1
32312/,32312/,2,1
323121,323121,1,1
323122,323122,1,1
324///,324///,5,1
3241//,3241//,5,1
32411/,32411/,1,1
324110,324110,1,1
32412/,32412/,2,1
324121,324121,1,1
324122,324122,1,1
32419/,32419/,2,1
324191,324191,1,1
324199,324199,1,1
325///,325///,34,1
3251//,3251//,11,1
32511/,32511/,1,1
325110,325110,1,1
32512/,32512/,1,1
325120,325120,1,1
32513/,32513/,2,1
325131,325131,1,1
325132,325132,1,1
32518/,32518/,3,1
325181,325181,1,1
325182,325182,1,1
325188,325188,1,1
32519/,32519/,4,1
325191,325191,1,1
325192,325192,1,1
325193,325193,1,1
325199,325199,1,1
3252//,3252//,4,1
32521/,32521/,2,1
325211,325211,1,1
325212,325212,1,1
32522/,32522/,2,1
325221,325221,1,1
325222,325222,1,1
3253//,3253//,4,1
32531/,32531/,3,1
325311,325311,1,1
325312,325312,1,1
325314,325314,1,1
32532/,32532/,1,1
325320,325320,1,1
3254//,3254//,4,1
32541/,32541/,4,1
325411,325411,1,1
325412,325412,1,1
325413,325413,1,1
325414,325414,1,1
3255//,3255//,2,1
32551/,32551/,1,1
325510,325510,1,1
32552/,32552/,1,1
325520,325520,1,1
3256//,3256//,4,1
32561/,32561/,3,1
325611,325611,1,1
325612,325612,1,1
325613,325613,1,1
32562/,32562/,1,1
325620,325620,1,1
3259//,3259//,5,1
32591/,32591/,1,1
325910,325910,1,1
32592/,32592/,1,1
325920,325920,1,1
32599/,32599/,3,1
325991,325991,1,1
325992,325992,1,1
325998,325998,1,1
326///,326///,17,1
3261//,3261//,12,1
32611/,32611/,3,1
326111,326111,1,1
326112,326112,1,1
326113,326113,1,1
32612/,32612/,2,1
326121,326121,1,1
326122,326122,1,1
32613/,32613/,1,1
326130,326130,1,1
32614/,32614/,1,1
326140,326140,1,1
32615/,32615/,1,1
326150,326150,1,1
32616/,32616/,1,1
326160,326160,1,1
32619/,32619/,3,1
326191,326191,1,1
326192,326192,1,1
326199,326199,1,1
3262//,3262//,5,1
32621/,32621/,2,1
326211,326211,1,1
326212,326212,1,1
32622/,32622/,1,1
326220,326220,1,1
32629/,32629/,2,1
326291,326291,1,1
326299,326299,1,1
327///,327///,24,1
3271//,3271//,8,1
32711/,32711/,3,1
327111,327111,1,1
327112,327112,1,1
327113,327113,1,1
32712/,32712/,5,1
327121,327121,1,1
327122,327122,1,1
327123,327123,1,1
327124,327124,1,1
327125,327125,1,1
3272//,3272//,4,1
32721/,32721/,4,1
327211,327211,1,1
327212,327212,1,1
327213,327213,1,1
327215,327215,1,1
3273//,3273//,5,1
32731/,32731/,1,1
327310,327310,1,1
32732/,32732/,1,1
327320,327320,1,1
32733/,32733/,2,1
327331,327331,1,1
327332,327332,1,1
32739/,32739/,1,1
327390,327390,1,1
3274//,3274//,2,1
32741/,32741/,1,1
327410,327410,1,1
32742/,32742/,1,1
327420,327420,1,1
3279//,3279//,5,1
32791/,32791/,1,1
327910,327910,1,1
32799/,32799/,4,1
327991,327991,1,1
327992,327992,1,1
327993,327993,1,1
327999,327999,1,1
331///,331///,26,1
3311//,3311//,2,1
33111/,33111/,2,1
331111,331111,1,1
331112,331112,1,1
3312//,3312//,3,1
33121/,33121/,1,1
331210,331210,1,1
33122/,33122/,2,1
331221,331221,1,1
331222,331222,1,1
3313//,3313//,6,1
33131/,33131/,6,1
331311,331311,1,1
331312,331312,1,1
331314,331314,1,1
331315,331315,1,1
331316,331316,1,1
331319,331319,1,1
3314//,3314//,7,1
33141/,33141/,2,1
331411,331411,1,1
331419,331419,1,1
33142/,33142/,3,1
331421,331421,1,1
331422,331422,1,1
331423,331423,1,1
33149/,33149/,2,1
331491,331491,1,1
331492,331492,1,1
3315//,3315//,8,1
33151/,33151/,3,1
331511,331511,1,1
331512,331512,1,1
331513,331513,1,1
33152/,33152/,5,1
331521,331521,1,1
331522,331522,1,1
331524,331524,1,1
331525,331525,1,1
331528,331528,1,1
332///,332///,43,1
3321//,3321//,6,1
33211/,33211/,6,1
332111,332111,1,1
332112,332112,1,1
332114,332114,1,1
332115,332115,1,1
332116,332116,1,1
332117,332117,1,1
3322//,3322//,4,1
33221/,33221/,4,1
332211,332211,1,1
332212,332212,1,1
332213,332213,1,1
332214,332214,1,1
3323//,3323//,6,1
33231/,33231/,3,1
332311,332311,1,1
332312,332312,1,1
332313,332313,1,1
33232/,33232/,3,1
332321,332321,1,1
332322,332322,1,1
332323,332323,1,1
3324//,3324//,4,1
33241/,33241/,1,1
332410,332410,1,1
33242/,33242/,1,1
332420,332420,1,1
33243/,33243/,2,1
332431,332431,1,1
332439,332439,1,1
3325//,3325//,1,1
33251/,33251/,1,1
332510,332510,1,1
3326//,3326//,3,1
33261/,33261/,3,1
332611,332611,1,1
332612,332612,1,1
332618,332618,1,1
3327//,3327//,3,1
33271/,33271/,1,1
332710,332710,1,1
33272/,33272/,2,1
332721,332721,1,1
332722,332722,1,1
3328//,3328//,3,1
33281/,33281/,3,1
332811,332811,1,1
332812,332812,1,1
332813,332813,1,1
3329//,3329//,13,1
33291/,33291/,4,1
332911,332911,1,1
332912,332912,1,1
332913,332913,1,1
332919,332919,1,1
33299/,33299/,9,1
332991,332991,1,1
332992,332992,1,1
332993,332993,1,1
332994,332994,1,1
332995,332995,1,1
332996,332996,1,1
332997,332997,1,1
332998,332998,1,1
332999,332999,1,1
333///,333///,49,1
3331//,3331//,5,1
33311/,33311/,2,1
333111,333111,1,1
333112,333112,1,1
33312/,33312/,1,1
333120,333120,1,1
33313/,33313/,2,1
333131,333131,1,1
333132,333132,1,1
3332//,3332//,8,1
33321/,33321/,1,1
333210,333210,1,1
33322/,33322/,1,1
333220,333220,1,1
33329/,33329/,6,1
333291,333291,1,1
333292,333292,1,1
333293,333293,1,1
333294,333294,1,1
333295,333295,1,1
333298,333298,1,1
3333//,3333//,6,1
33331/,33331/,6,1
333311,333311,1,1
333312,333312,1,1
333313,333313,1,1
333314,333314,1,1
333315,333315,1,1
333319,333319,1,1
3334//,3334//,4,1
33341/,33341/,4,1
333411,333411,1,1
333412,333412,1,1
333414,333414,1,1
333415,333415,1,1
3335//,3335//,7,1
33351/,33351/,7,1
333511,333511,1,1
333512,333512,1,1
333513,333513,1,1
333514,333514,1,1
333515,333515,1,1
333516,333516,1,1
333518,333518,1,1
3336//,3336//,4,1
33361/,33361/,4,1
333611,333611,1,1
333612,333612,1,1
333613,333613,1,1
333618,333618,1,1
3339//,3339//,15,1
33391/,33391/,3,1
333911,333911,1,1
333912,333912,1,1
333913,333913,1,1
33392/,33392/,4,1
333921,333921,1,1
333922,333922,1,1
333923,333923,1,1
333924,333924,1,1
33399/,33399/,8,1
333991,333991,1,1
333992,333992,1,1
333993,333993,1,1
333994,333994,1,1
333995,333995,1,1
333996,333996,1,1
333997,333997,1,1
333999,333999,1,1
334///,334///,30,1
3341//,3341//,4,1
33411/,33411/,4,1
334111,334111,1,1
334112,334112,1,1
334113,334113,1,1
334119,334119,1,1
3342//,3342//,3,1
33421/,33421/,1,1
334210,334210,1,1
33422/,33422/,1,1
334220,334220,1,1
33429/,33429/,1,1
334290,334290,1,1
3343//,3343//,1,1
33431/,33431/,1,1
334310,334310,1,1
3344//,3344//,9,1
33441/,33441/,9,1
334411,334411,1,1
334412,334412,1,1
334413,334413,1,1
334414,334414,1,1
334415,334415,1,1
334416,334416,1,1
334417,334417,1,1
334418,334418,1,1
334419,334419,1,1
3345//,3345//,10,1
33451/,33451/,10,1
334510,334510,1,1
334511,334511,1,1
334512,334512,1,1
334513,334513,1,1
334514,334514,1,1
334515,334515,1,1
334516,334516,1,1
334517,334517,1,1
334518,334518,1,1
334519,334519,1,1
3346//,3346//,3,1
33461/,33461/,3,1
334611,334611,1,1
334612,334612,1,1
334613,334613,1,1
335///,335///,22,1
3351//,3351//,4,1
33511/,33511/,1,1
335110,335110,1,1
33512/,33512/,3,1
335121,335121,1,1
335122,335122,1,1
335129,335129,1,1
3352//,3352//,6,1
33521/,33521/,2,1
335211,335211,1,1
335212,335212,1,1
33522/,33522/,4,1
335221,335221,1,1
335222,335222,1,1
335224,335224,1,1
335228,335228,1,1
3353//,3353//,4,1
33531/,33531/,4,1
335311,335311,1,1
335312,335312,1,1
335313,335313,1,1
335314,335314,1,1
3359//,3359//,8,1
33591/,33591/,2,1
335911,335911,1,1
335912,335912,1,1
33592/,33592/,2,1
335921,335921,1,1
335929,335929,1,1
33593/,33593/,2,1
335931,335931,1,1
335932,335932,1,1
33599/,33599/,2,1
335991,335991,1,1
335999,335999,1,1
336///,336///,30,1
3361//,3361//,3,1
33611/,33611/,2,1
336111,336111,1,1
336112,336112,1,1
33612/,33612/,1,1
336120,336120,1,1
3362//,3362//,4,1
33621/,33621/,4,1
336211,336211,1,1
336212,336212,1,1
336213,336213,1,1
336214,336214,1,1
3363//,3363//,11,1
33631/,33631/,2,1
336311,336311,1,1
336312,336312,1,1
33632/,33632/,2,1
336321,336321,1,1
336322,336322,1,1
33633/,33633/,1,1
336330,336330,1,1
33634/,33634/,1,1
336340,336340,1,1
33635/,33635/,1,1
336350,336350,1,1
33636/,33636/,1,1
336360,336360,1,1
33637/,33637/,1,1
336370,336370,1,1
33639/,33639/,2,1
336391,336391,1,1
336399,336399,1,1
3364//,3364//,6,1
33641/,33641/,6,1
336411,336411,1,1
336412,336412,1,1
336413,336413,1,1
336414,336414,1,1
336415,336415,1,1
336419,336419,1,1
3365//,3365//,1,1
33651/,33651/,1,1
336510,336510,1,1
3366//,3366//,2,1
33661/,33661/,2,1
336611,336611,1,1
336612,336612,1,1
3369//,3369//,3,1
33699/,33699/,3,1
336991,336991,1,1
336992,336992,1,1
336999,336999,1,1
337///,337///,13,1
3371//,3371//,7,1
33711/,33711/,1,1
337110,337110,1,1
33712/,33712/,6,1
337121,337121,1,1
337122,337122,1,1
337124,337124,1,1
337125,337125,1,1
337127,337127,1,1
337129,337129,1,1
3372//,3372//,4,1
33721/,33721/,4,1
337211,337211,1,1
337212,337212,1,1
337214,337214,1,1
337215,337215,1,1
3379//,3379//,2,1
33791/,33791/,1,1
337910,337910,1,1
33792/,33792/,1,1
337920,337920,1,1
339///,339///,24,1
3391//,3391//,6,1
33911/,33911/,6,1
339111,339111,1,1
339112,339112,1,1
339113,339113,1,1
339114,339114,1,1
339115,339115,1,1
339116,339116,1,1
3399//,3399//,18,1
33991/,33991/,4,1
339911,339911,1,1
339912,339912,1,1
339913,339913,1,1
339914,339914,1,1
33992/,33992/,1,1
339920,339920,1,1
33993/,33993/,2,1
339931,339931,1,1
339932,339932,1,1
33994/,33994/,4,1
339941,339941,1,1
339942,339942,1,1
339943,339943,1,1
339944,339944,1,1
33995/,33995/,1,1
339950,339950,1,1
33999/,33999/,6,1
339991,339991,1,1
339992,339992,1,1
339993,339993,1,1
339994,339994,1,1
339995,339995,1,1
339999,339999,1,1
42----,42----,205,1
421///,423///,37,.33333334
421///,425///,74,.66666669
4211//,4231//,4,.33333334
4211//,4251//,8,.66666669
42111/,42311/,1,.33333334
42111/,42511/,1,.33333334
42111/,42512/,1,.33333334
421110,423110,1,.33333334
421110,425110,1,.33333334
421110,425120,1,.33333334
42112/,42312/,1,.33333334
42112/,42511/,1,.33333334
42112/,42512/,1,.33333334
421120,423120,1,.33333334
421120,425110,1,.33333334
421120,425120,1,.33333334
42113/,42313/,1,.33333334
42113/,42511/,1,.33333334
42113/,42512/,1,.33333334
421130,423130,1,.33333334
421130,425110,1,.33333334
421130,425120,1,.33333334
42114/,42314/,1,.33333334
42114/,42511/,1,.33333334
42114/,42512/,1,.33333334
421140,423140,1,.33333334
421140,425110,1,.33333334
421140,425120,1,.33333334
4212//,4232//,2,.33333334
4212//,4251//,4,.66666669
42121/,42321/,1,.33333334
42121/,42511/,1,.33333334
42121/,42512/,1,.33333334
421210,423210,1,.33333334
421210,425110,1,.33333334
421210,425120,1,.33333334
42122/,42322/,1,.33333334
42122/,42511/,1,.33333334
42122/,42512/,1,.33333334
421220,423220,1,.33333334
421220,425110,1,.33333334
421220,425120,1,.33333334
4213//,4233//,4,.33333334
4213//,4251//,8,.66666669
42131/,42331/,1,.33333334
42131/,42511/,1,.33333334
42131/,42512/,1,.33333334
421310,423310,1,.33333334
421310,425110,1,.33333334
421310,425120,1,.33333334
42132/,42332/,1,.33333334
42132/,42511/,1,.33333334
42132/,42512/,1,.33333334
421320,423320,1,.33333334
421320,425110,1,.33333334
421320,425120,1,.33333334
42133/,42333/,1,.33333334
42133/,42511/,1,.33333334
42133/,42512/,1,.33333334
421330,423330,1,.33333334
421330,425110,1,.33333334
421330,425120,1,.33333334
42139/,42339/,1,.33333334
42139/,42511/,1,.33333334
42139/,42512/,1,.33333334
421390,423390,1,.33333334
421390,425110,1,.33333334
421390,425120,1,.33333334
4214//,4234//,7,.33333334
4214//,4251//,14,.66666669
42141/,42341/,1,.33333334
42141/,42511/,1,.33333334
42141/,42512/,1,.33333334
421410,423410,1,.33333334
421410,425110,1,.33333334
421410,425120,1,.33333334
42142/,42342/,1,.33333334
42142/,42511/,1,.33333334
42142/,42512/,1,.33333334
421420,423420,1,.33333334
421420,425110,1,.33333334
421420,425120,1,.33333334
42143/,42343/,1,.33333334
42143/,42511/,1,.33333334
42143/,42512/,1,.33333334
421430,423430,1,.33333334
421430,425110,1,.33333334
421430,425120,1,.33333334
42144/,42344/,1,.33333334
42144/,42511/,1,.33333334
42144/,42512/,1,.33333334
421440,423440,1,.33333334
421440,425110,1,.33333334
421440,425120,1,.33333334
42145/,42345/,1,.33333334
42145/,42511/,1,.33333334
42145/,42512/,1,.33333334
421450,423450,1,.33333334
421450,425110,1,.33333334
421450,425120,1,.33333334
42146/,42346/,1,.33333334
42146/,42511/,1,.33333334
42146/,42512/,1,.33333334
421460,423460,1,.33333334
421460,425110,1,.33333334
421460,425120,1,.33333334
42149/,42349/,1,.33333334
42149/,42511/,1,.33333334
42149/,42512/,1,.33333334
421490,423490,1,.33333334
421490,425110,1,.33333334
421490,425120,1,.33333334
4215//,4235//,2,.33333334
4215//,4251//,4,.66666669
42151/,42351/,1,.33333334
42151/,42511/,1,.33333334
42151/,42512/,1,.33333334
421510,423510,1,.33333334
421510,425110,1,.33333334
421510,425120,1,.33333334
42152/,42352/,1,.33333334
42152/,42511/,1,.33333334
42152/,42512/,1,.33333334
421520,423520,1,.33333334
421520,425110,1,.33333334
421520,425120,1,.33333334
4216//,4236//,3,.33333334
4216//,4251//,6,.66666669
42161/,42361/,1,.33333334
42161/,42511/,1,.33333334
42161/,42512/,1,.33333334
421610,423610,1,.33333334
421610,425110,1,.33333334
421610,425120,1,.33333334
42162/,42362/,1,.33333334
42162/,42511/,1,.33333334
42162/,42512/,1,.33333334
421620,423620,1,.33333334
421620,425110,1,.33333334
421620,425120,1,.33333334
42169/,42369/,1,.33333334
42169/,42511/,1,.33333334
42169/,42512/,1,.33333334
421690,423690,1,.33333334
421690,425110,1,.33333334
421690,425120,1,.33333334
4217//,4237//,4,.33333334
4217//,4251//,8,.66666669
42171/,42371/,1,.33333334
42171/,42511/,1,.33333334
42171/,42512/,1,.33333334
421710,423710,1,.33333334
421710,425110,1,.33333334
421710,425120,1,.33333334
42172/,42372/,1,.33333334
42172/,42511/,1,.33333334
42172/,42512/,1,.33333334
421720,423720,1,.33333334
421720,425110,1,.33333334
421720,425120,1,.33333334
42173/,42373/,1,.33333334
42173/,42511/,1,.33333334
42173/,42512/,1,.33333334
421730,423730,1,.33333334
421730,425110,1,.33333334
421730,425120,1,.33333334
42174/,42374/,1,.33333334
42174/,42511/,1,.33333334
42174/,42512/,1,.33333334
421740,423740,1,.33333334
421740,425110,1,.33333334
421740,425120,1,.33333334
4218//,4238//,6,.33333334
4218//,4251//,12,.66666669
42181/,42381/,1,.33333334
42181/,42511/,1,.33333334
42181/,42512/,1,.33333334
421810,423810,1,.33333334
421810,425110,1,.33333334
421810,425120,1,.33333334
42182/,42382/,1,.33333334
42182/,42511/,1,.33333334
42182/,42512/,1,.33333334
421820,423820,1,.33333334
421820,425110,1,.33333334
421820,425120,1,.33333334
42183/,42383/,1,.33333334
42183/,42511/,1,.33333334
42183/,42512/,1,.33333334
421830,423830,1,.33333334
421830,425110,1,.33333334
421830,425120,1,.33333334
42184/,42384/,1,.33333334
42184/,42511/,1,.33333334
42184/,42512/,1,.33333334
421840,423840,1,.33333334
421840,425110,1,.33333334
421840,425120,1,.33333334
42185/,42385/,1,.33333334
42185/,42511/,1,.33333334
42185/,42512/,1,.33333334
421850,423850,1,.33333334
421850,425110,1,.33333334
421850,425120,1,.33333334
42186/,42386/,1,.33333334
42186/,42511/,1,.33333334
42186/,42512/,1,.33333334
421860,423860,1,.33333334
421860,425110,1,.33333334
421860,425120,1,.33333334
4219//,4239//,5,.33333334
4219//,4251//,10,.66666669
42191/,42391/,1,.33333334
42191/,42511/,1,.33333334
42191/,42512/,1,.33333334
421910,423910,1,.33333334
421910,425110,1,.33333334
421910,425120,1,.33333334
42192/,42392/,1,.33333334
42192/,42511/,1,.33333334
42192/,42512/,1,.33333334
421920,423920,1,.33333334
421920,425110,1,.33333334
421920,425120,1,.33333334
42193/,42393/,1,.33333334
42193/,42511/,1,.33333334
42193/,42512/,1,.33333334
421930,423930,1,.33333334
421930,425110,1,.33333334
421930,425120,1,.33333334
42194/,42394/,1,.33333334
42194/,42511/,1,.33333334
42194/,42512/,1,.33333334
421940,423940,1,.33333334
421940,425110,1,.33333334
421940,425120,1,.33333334
42199/,42399/,1,.33333334
42199/,42511/,1,.33333334
42199/,42512/,1,.33333334
421990,423990,1,.33333334
421990,425110,1,.33333334
421990,425120,1,.33333334
422///,424///,32,.34042552
422///,425///,62,.65957445
4221//,4241//,3,.33333334
4221//,4251//,6,.66666669
42211/,42411/,1,.33333334
42211/,42511/,1,.33333334
42211/,42512/,1,.33333334
422110,424110,1,.33333334
422110,425110,1,.33333334
422110,425120,1,.33333334
42212/,42412/,1,.33333334
42212/,42511/,1,.33333334
42212/,42512/,1,.33333334
422120,424120,1,.33333334
422120,425110,1,.33333334
422120,425120,1,.33333334
42213/,42413/,1,.33333334
42213/,42511/,1,.33333334
42213/,42512/,1,.33333334
422130,424130,1,.33333334
422130,425110,1,.33333334
422130,425120,1,.33333334
4222//,4242//,1,.33333334
4222//,4251//,2,.66666669
42221/,42421/,1,.33333334
42221/,42511/,1,.33333334
42221/,42512/,1,.33333334
422210,424210,1,.33333334
422210,425110,1,.33333334
422210,425120,1,.33333334
4223//,4243//,4,.33333334
4223//,4251//,8,.66666669
42231/,42431/,1,.33333334
42231/,42511/,1,.33333334
42231/,42512/,1,.33333334
422310,424310,1,.33333334
422310,425110,1,.33333334
422310,425120,1,.33333334
42232/,42432/,1,.33333334
42232/,42511/,1,.33333334
42232/,42512/,1,.33333334
422320,424320,1,.33333334
422320,425110,1,.33333334
422320,425120,1,.33333334
42233/,42433/,1,.33333334
42233/,42511/,1,.33333334
42233/,42512/,1,.33333334
422330,424330,1,.33333334
422330,425110,1,.33333334
422330,425120,1,.33333334
42234/,42434/,1,.33333334
42234/,42511/,1,.33333334
42234/,42512/,1,.33333334
422340,424340,1,.33333334
422340,425110,1,.33333334
422340,425120,1,.33333334
4224//,4244//,9,.33333334
4224//,4251//,18,.66666669
42241/,42441/,1,.33333334
42241/,42511/,1,.33333334
42241/,42512/,1,.33333334
422410,424410,1,.33333334
422410,425110,1,.33333334
422410,425120,1,.33333334
42242/,42442/,1,.33333334
42242/,42511/,1,.33333334
42242/,42512/,1,.33333334
422420,424420,1,.33333334
422420,425110,1,.33333334
422420,425120,1,.33333334
42243/,42443/,1,.33333334
42243/,42511/,1,.33333334
42243/,42512/,1,.33333334
422430,424430,1,.33333334
422430,425110,1,.33333334
422430,425120,1,.33333334
42244/,42444/,1,.33333334
42244/,42511/,1,.33333334
42244/,42512/,1,.33333334
422440,424440,1,.33333334
422440,425110,1,.33333334
422440,425120,1,.33333334
42245/,42445/,1,.33333334
42245/,42511/,1,.33333334
42245/,42512/,1,.33333334
422450,424450,1,.33333334
422450,425110,1,.33333334
422450,425120,1,.33333334
42246/,42446/,1,.33333334
42246/,42511/,1,.33333334
42246/,42512/,1,.33333334
422460,424460,1,.33333334
422460,425110,1,.33333334
422460,425120,1,.33333334
42247/,42447/,1,.33333334
42247/,42511/,1,.33333334
42247/,42512/,1,.33333334
422470,424470,1,.33333334
422470,425110,1,.33333334
422470,425120,1,.33333334
42248/,42448/,1,.33333334
42248/,42511/,1,.33333334
42248/,42512/,1,.33333334
422480,424480,1,.33333334
422480,425110,1,.33333334
422480,425120,1,.33333334
42249/,42449/,1,.33333334
42249/,42511/,1,.33333334
42249/,42512/,1,.33333334
422490,424490,1,.33333334
422490,425110,1,.33333334
422490,425120,1,.33333334
4225//,4245//,3,.33333334
4225//,4251//,6,.66666669
42251/,42451/,1,.33333334
42251/,42511/,1,.33333334
42251/,42512/,1,.33333334
422510,424510,1,.33333334
422510,425110,1,.33333334
422510,425120,1,.33333334
42252/,42452/,1,.33333334
42252/,42511/,1,.33333334
42252/,42512/,1,.33333334
422520,424520,1,.33333334
422520,425110,1,.33333334
422520,425120,1,.33333334
42259/,42459/,1,.33333334
42259/,42511/,1,.33333334
42259/,42512/,1,.33333334
422590,424590,1,.33333334
422590,425110,1,.33333334
422590,425120,1,.33333334
4226//,4246//,2,.33333334
4226//,4251//,4,.66666669
42261/,42461/,1,.33333334
42261/,42511/,1,.33333334
42261/,42512/,1,.33333334
422610,424610,1,.33333334
422610,425110,1,.33333334
422610,425120,1,.33333334
42269/,42469/,1,.33333334
42269/,42511/,1,.33333334
42269/,42512/,1,.33333334
422690,424690,1,.33333334
422690,425110,1,.33333334
422690,425120,1,.33333334
4227//,4247//,2,.5
4227//,4251//,2,.5
42271/,42471/,1,1
422710,424710,1,1
42272/,42472/,1,.33333334
42272/,42511/,1,.33333334
42272/,42512/,1,.33333334
422720,424720,1,.33333334
422720,425110,1,.33333334
422720,425120,1,.33333334
4228//,4248//,2,.33333334
4228//,4251//,4,.66666669
42281/,42481/,1,.33333334
42281/,42511/,1,.33333334
42281/,42512/,1,.33333334
422810,424810,1,.33333334
422810,425110,1,.33333334
422810,425120,1,.33333334
42282/,42482/,1,.33333334
42282/,42511/,1,.33333334
42282/,42512/,1,.33333334
422820,424820,1,.33333334
422820,425110,1,.33333334
422820,425120,1,.33333334
4229//,4249//,6,.33333334
4229//,4251//,12,.66666669
42291/,42491/,1,.33333334
42291/,42511/,1,.33333334
42291/,42512/,1,.33333334
422910,424910,1,.33333334
422910,425110,1,.33333334
422910,425120,1,.33333334
42292/,42492/,1,.33333334
42292/,42511/,1,.33333334
42292/,42512/,1,.33333334
422920,424920,1,.33333334
422920,425110,1,.33333334
422920,425120,1,.33333334
42293/,42493/,1,.33333334
42293/,42511/,1,.33333334
42293/,42512/,1,.33333334
422930,424930,1,.33333334
422930,425110,1,.33333334
422930,425120,1,.33333334
42294/,42494/,1,.33333334
42294/,42511/,1,.33333334
42294/,42512/,1,.33333334
422940,424940,1,.33333334
422940,425110,1,.33333334
422940,425120,1,.33333334
42295/,42495/,1,.33333334
42295/,42511/,1,.33333334
42295/,42512/,1,.33333334
422950,424950,1,.33333334
422950,425110,1,.33333334
422950,425120,1,.33333334
42299/,42499/,1,.33333334
42299/,42511/,1,.33333334
42299/,42512/,1,.33333334
422990,424990,1,.33333334
422990,425110,1,.33333334
422990,425120,1,.33333334
44----,44----,75,1
441///,441///,8,1
4411//,4411//,2,1
44111/,44111/,1,1
441110,441110,1,1
44112/,44112/,1,1
441120,441120,1,1
4412//,4412//,4,1
44121/,44121/,1,1
441210,441210,1,1
44122/,44122/,3,1
441221,441221,1,1
441222,441222,1,1
441229,441229,1,1
4413//,4413//,2,1
44131/,44131/,1,1
441310,441310,1,1
44132/,44132/,1,1
441320,441320,1,1
442///,442///,4,1
4421//,4421//,1,1
44211/,44211/,1,1
442110,442110,1,1
4422//,4422//,3,1
44221/,44221/,1,1
442210,442210,1,1
44229/,44229/,2,1
442291,442291,1,1
442299,442299,1,1
443///,443///,4,1
4431//,4431//,4,1
44311/,44311/,2,1
443111,443111,1,1
443112,443112,1,1
44312/,44312/,1,1
443120,443120,1,1
44313/,44313/,1,1
443130,443130,1,1
444///,444///,6,1
4441//,4441//,4,1
44411/,44411/,1,1
444110,444110,1,1
44412/,44412/,1,1
444120,444120,1,1
44413/,44413/,1,1
444130,444130,1,1
44419/,44419/,1,1
444190,444190,1,1
4442//,4442//,2,1
44421/,44421/,1,1
444210,444210,1,1
44422/,44422/,1,1
444220,444220,1,1
445///,445///,9,1
4451//,4451//,2,1
44511/,44511/,1,1
445110,445110,1,1
44512/,44512/,1,1
445120,445120,1,1
4452//,4452//,6,1
44521/,44521/,1,1
445210,445210,1,1
44522/,44522/,1,1
445220,445220,1,1
44523/,44523/,1,1
445230,445230,1,1
44529/,44529/,3,1
445291,445291,1,1
445292,445292,1,1
445299,445299,1,1
4453//,4453//,1,1
44531/,44531/,1,1
445310,445310,1,1
446///,446///,5,1
4461//,4461//,5,1
44611/,44611/,1,1
446110,446110,1,1
44612/,44612/,1,1
446120,446120,1,1
44613/,44613/,1,1
446130,446130,1,1
44619/,44619/,2,1
446191,446191,1,1
446199,446199,1,1
447///,447///,2,1
4471//,4471//,2,1
44711/,44711/,1,1
447110,447110,1,1
44719/,44719/,1,1
447190,447190,1,1
448///,448///,9,1
4481//,4481//,6,1
44811/,44811/,1,1
448110,448110,1,1
44812/,44812/,1,1
448120,448120,1,1
44813/,44813/,1,1
448130,448130,1,1
44814/,44814/,1,1
448140,448140,1,1
44815/,44815/,1,1
448150,448150,1,1
44819/,44819/,1,1
448190,448190,1,1
4482//,4482//,1,1
44821/,44821/,1,1
448210,448210,1,1
4483//,4483//,2,1
44831/,44831/,1,1
448310,448310,1,1
44832/,44832/,1,1
448320,448320,1,1
451///,451///,7,1
4511//,4511//,4,1
45111/,45111/,1,1
451110,451110,1,1
45112/,45112/,1,1
451120,451120,1,1
45113/,45113/,1,1
451130,451130,1,1
45114/,45114/,1,1
451140,451140,1,1
4512//,4512//,3,1
45121/,45121/,2,1
451211,451211,1,1
451212,451212,1,1
45122/,45122/,1,1
451220,451220,1,1
452///,452///,4,1
4521//,4521//,2,1
45211/,45211/,2,1
452110,452111,1,.5
452110,452112,1,.5
4529//,4529//,2,1
45291/,45291/,1,1
452910,452910,1,1
45299/,45299/,1,1
452990,452990,1,1
453///,453///,9,1
4531//,4531//,1,1
45311/,45311/,1,1
453110,453110,1,1
4532//,4532//,2,1
45321/,45321/,1,1
453210,453210,1,1
45322/,45322/,1,1
453220,453220,1,1
4533//,4533//,1,1
45331/,45331/,1,1
453310,453310,1,1
4539//,4539//,5,1
45391/,45391/,1,1
453910,453910,1,1
45392/,45392/,1,1
453920,453920,1,1
45393/,45393/,1,1
453930,453930,1,1
45399/,45399/,2,1
453991,453991,1,1
453998,453998,1,1
454///,454///,8,1
4541//,4541//,3,1
45411/,45411/,3,1
454110,454111,1,.33333334
454110,454112,1,.33333334
454110,454113,1,.33333334
4542//,4542//,1,1
45421/,45421/,1,1
454210,454210,1,1
4543//,4543//,4,1
45431/,45431/,3,1
454311,454311,1,1
454312,454312,1,1
454319,454319,1,1
45439/,45439/,1,1
454390,454390,1,1
48----,48----,57,1
481///,481///,5,1
4811//,4811//,2,1
48111/,48111/,2,1
481111,481111,1,1
481112,481112,1,1
4812//,4812//,3,1
48121/,48121/,3,1
481211,481211,1,1
481212,481212,1,1
481219,481219,1,1
482///,482///,2,1
4821//,4821//,2,1
48211/,48211/,2,1
482111,482111,1,1
482112,482112,1,1
483///,483///,6,1
4831//,4831//,4,1
48311/,48311/,4,1
483111,483111,1,1
483112,483112,1,1
483113,483113,1,1
483114,483114,1,1
4832//,4832//,2,1
48321/,48321/,2,1
483211,483211,1,1
483212,483212,1,1
484///,484///,6,1
4841//,4841//,3,1
48411/,48411/,1,1
484110,484110,1,1
48412/,48412/,2,1
484121,484121,1,1
484122,484122,1,1
4842//,4842//,3,1
48421/,48421/,1,1
484210,484210,1,1
48422/,48422/,1,1
484220,484220,1,1
48423/,48423/,1,1
484230,484230,1,1
485///,485///,11,1
4851//,4851//,4,1
48511/,48511/,4,1
485111,485111,1,1
485112,485112,1,1
485113,485113,1,1
485119,485119,1,1
4852//,4852//,1,1
48521/,48521/,1,1
485210,485210,1,1
4853//,4853//,2,1
48531/,48531/,1,1
485310,485310,1,1
48532/,48532/,1,1
485320,485320,1,1
4854//,4854//,1,1
48541/,48541/,1,1
485410,485410,1,1
4855//,4855//,1,1
48551/,48551/,1,1
485510,485510,1,1
4859//,4859//,2,1
48599/,48599/,2,1
485991,485991,1,1
485999,485999,1,1
486///,486///,4,1
4861//,4861//,1,1
48611/,48611/,1,1
486110,486110,1,1
4862//,4862//,1,1
48621/,48621/,1,1
486210,486210,1,1
4869//,4869//,2,1
48691/,48691/,1,1
486910,486910,1,1
48699/,48699/,1,1
486990,486990,1,1
487///,487///,3,1
4871//,4871//,1,1
48711/,48711/,1,1
487110,487110,1,1
4872//,4872//,1,1
48721/,48721/,1,1
487210,487210,1,1
4879//,4879//,1,1
48799/,48799/,1,1
487990,487990,1,1
488///,488///,13,1
4881//,4881//,3,1
48811/,48811/,2,1
488111,488111,1,1
488119,488119,1,1
48819/,48819/,1,1
488190,488190,1,1
4882//,4882//,1,1
48821/,48821/,1,1
488210,488210,1,1
4883//,4883//,4,1
48831/,48831/,1,1
488310,488310,1,1
48832/,48832/,1,1
488320,488320,1,1
48833/,48833/,1,1
488330,488330,1,1
48839/,48839/,1,1
488390,488390,1,1
4884//,4884//,2,1
48841/,48841/,1,1
488410,488410,1,1
48849/,48849/,1,1
488490,488490,1,1
4885//,4885//,1,1
48851/,48851/,1,1
488510,488510,1,1
4889//,4889//,2,1
48899/,48899/,2,1
488991,488991,1,1
488999,488999,1,1
491///,491///,1,1
4911//,4911//,1,1
49111/,49111/,1,1
491110,491110,1,1
492///,492///,2,1
4921//,4921//,1,1
49211/,49211/,1,1
492110,492110,1,1
4922//,4922//,1,1
49221/,49221/,1,1
492210,492210,1,1
493///,493///,4,1
4931//,4931//,4,1
49311/,49311/,1,1
493110,493110,1,1
49312/,49312/,1,1
493120,493120,1,1
49313/,49313/,1,1
493130,493130,1,1
49319/,49319/,1,1
493190,493190,1,1
51----,51----,43,1
511///,511///,8,.5714286
511///,516///,6,.42857143
5111//,5111//,7,.53846157
5111//,5161//,6,.46153846
51111/,51111/,1,.5
51111/,51611/,1,.5
511110,511110,1,.5
511110,516110,1,.5
51112/,51112/,1,.5
51112/,51611/,1,.5
511120,511120,1,.5
511120,516110,1,.5
51113/,51113/,1,.5
51113/,51611/,1,.5
511130,511130,1,.5
511130,516110,1,.5
51114/,51114/,1,.5
51114/,51611/,1,.5
511140,511140,1,.5
511140,516110,1,.5
51119/,51113/,1,.2
51119/,51119/,2,.40000001
51119/,51611/,2,.40000001
511191,511191,1,.5
511191,516110,1,.5
511199,511130,1,.33333334
511199,511199,1,.33333334
511199,516110,1,.33333334
5112//,5112//,1,1
51121/,51121/,1,1
511210,511210,1,1
512///,512///,11,1
5121//,5121//,6,1
51211/,51211/,1,1
512110,512110,1,1
51212/,51212/,1,1
512120,512120,1,1
51213/,51213/,2,1
512131,512131,1,1
512132,512132,1,1
51219/,51219/,2,1
512191,512191,1,1
512199,512199,1,1
5122//,5122//,5,1
51221/,51221/,1,1
512210,512210,1,1
51222/,51222/,1,1
512220,512220,1,1
51223/,51223/,1,1
512230,512230,1,1
51224/,51224/,1,1
512240,512240,1,1
51229/,51229/,1,1
512290,512290,1,1
513///,515///,4,.36363637
513///,517///,7,.63636363
5131//,5151//,3,1
51311/,51511/,2,1
513111,515111,1,1
513112,515112,1,1
51312/,51512/,1,1
513120,515120,1,1
5132//,5152//,1,.5
5132//,5175//,1,.5
51321/,51521/,1,1
513210,515210,1,1
51322/,51751/,1,1
513220,517510,1,1
5133//,5171//,1,.16666667
5133//,5172//,2,.33333334
5133//,5173//,1,.16666667
5133//,5174//,1,.16666667
5133//,5179//,1,.16666667
51331/,51711/,1,1
513310,517110,1,1
51332/,51721/,2,1
513321,517211,1,1
513322,517212,1,1
51333/,51731/,1,1
513330,517310,1,1
51334/,51741/,1,1
513340,517410,1,1
51339/,51791/,1,1
513390,517910,1,1
514///,516///,1,.14285715
514///,518///,3,.42857143
514///,519///,3,.42857143
5141//,5161//,1,.16666667
5141//,5181//,2,.33333334
5141//,5191//,3,.5
51411/,51911/,1,1
514110,519110,1,1
51412/,51912/,1,1
514120,519120,1,1
51419/,51611/,1,.25
51419/,51811/,2,.5
51419/,51919/,1,.25
514191,518111,1,1
514199,516110,1,.33333334
514199,518112,1,.33333334
514199,519190,1,.33333334
5142//,5182//,1,1
51421/,51821/,1,1
514210,518210,1,1
52----,52----,42,1
521///,521///,1,1
5211//,5211//,1,1
52111/,52111/,1,1
521110,521110,1,1
522///,522///,14,1
5221//,5221//,4,1
52211/,52211/,1,1
522110,522110,1,1
52212/,52212/,1,1
522120,522120,1,1
52213/,52213/,1,1
522130,522130,1,1
52219/,52219/,1,1
522190,522190,1,1
5222//,5222//,7,1
52221/,52221/,1,1
522210,522210,1,1
52222/,52222/,1,1
522220,522220,1,1
52229/,52229/,5,1
522291,522291,1,1
522292,522292,1,1
522293,522293,1,1
522294,522294,1,1
522298,522298,1,1
5223//,5223//,3,1
52231/,52231/,1,1
522310,522310,1,1
52232/,52232/,1,1
522320,522320,1,1
52239/,52239/,1,1
522390,522390,1,1
523///,523///,10,1
5231//,5231//,4,1
52311/,52311/,1,1
523110,523110,1,1
52312/,52312/,1,1
523120,523120,1,1
52313/,52313/,1,1
523130,523130,1,1
52314/,52314/,1,1
523140,523140,1,1
5232//,5232//,1,1
52321/,52321/,1,1
523210,523210,1,1
5239//,5239//,5,1
52391/,52391/,1,1
523910,523910,1,1
52392/,52392/,1,1
523920,523920,1,1
52393/,52393/,1,1
523930,523930,1,1
52399/,52399/,2,1
523991,523991,1,1
523999,523999,1,1
524///,524///,10,1
5241//,5241//,6,1
52411/,52411/,2,1
524113,524113,1,1
524114,524114,1,1
52412/,52412/,3,1
524126,524126,1,1
524127,524127,1,1
524128,524128,1,1
52413/,52413/,1,1
524130,524130,1,1
5242//,5242//,4,1
52421/,52421/,1,1
524210,524210,1,1
52429/,52429/,3,1
524291,524291,1,1
524292,524292,1,1
524298,524298,1,1
525///,525///,7,1
5251//,5251//,3,1
52511/,52511/,1,1
525110,525110,1,1
52512/,52512/,1,1
525120,525120,1,1
52519/,52519/,1,1
525190,525190,1,1
5259//,5259//,4,1
52591/,52591/,1,1
525910,525910,1,1
52592/,52592/,1,1
525920,525920,1,1
52593/,52593/,1,1
525930,525930,1,1
52599/,52599/,1,1
525990,525990,1,1
53----,53----,24,1
531///,531///,9,1
5311//,5311//,4,1
53111/,53111/,1,1
531110,531110,1,1
53112/,53112/,1,1
531120,531120,1,1
53113/,53113/,1,1
531130,531130,1,1
53119/,53119/,1,1
531190,531190,1,1
5312//,5312//,1,1
53121/,53121/,1,1
531210,531210,1,1
5313//,5313//,4,1
53131/,53131/,2,1
531311,531311,1,1
531312,531312,1,1
53132/,53132/,1,1
531320,531320,1,1
53139/,53139/,1,1
531390,531390,1,1
532///,532///,14,1
5321//,5321//,3,1
53211/,53211/,2,1
532111,532111,1,1
532112,532112,1,1
53212/,53212/,1,1
532120,532120,1,1
5322//,5322//,6,1
53221/,53221/,1,1
532210,532210,1,1
53222/,53222/,1,1
532220,532220,1,1
53223/,53223/,1,1
532230,532230,1,1
53229/,53229/,3,1
532291,532291,1,1
532292,532292,1,1
532299,532299,1,1
5323//,5323//,1,1
53231/,53231/,1,1
532310,532310,1,1
5324//,5324//,4,1
53241/,53241/,2,1
532411,532411,1,1
532412,532412,1,1
53242/,53242/,1,1
532420,532420,1,1
53249/,53249/,1,1
532490,532490,1,1
533///,533///,1,1
5331//,5331//,1,1
53311/,53311/,1,1
533110,533110,1,1
54----,54----,47,1
541///,541///,47,1
5411//,5411//,4,1
54111/,54111/,1,1
541110,541110,1,1
54112/,54112/,1,1
541120,541120,1,1
54119/,54119/,2,1
541191,541191,1,1
541199,541199,1,1
5412//,5412//,4,1
54121/,54121/,4,1
541211,541211,1,1
541213,541213,1,1
541214,541214,1,1
541219,541219,1,1
5413//,5413//,8,1
54131/,54131/,1,1
541310,541310,1,1
54132/,54132/,1,1
541320,541320,1,1
54133/,54133/,1,1
541330,541330,1,1
54134/,54134/,1,1
541340,541340,1,1
54135/,54135/,1,1
541350,541350,1,1
54136/,54136/,1,1
541360,541360,1,1
54137/,54137/,1,1
541370,541370,1,1
54138/,54138/,1,1
541380,541380,1,1
5414//,5414//,4,1
54141/,54141/,1,1
541410,541410,1,1
54142/,54142/,1,1
541420,541420,1,1
54143/,54143/,1,1
541430,541430,1,1
54149/,54149/,1,1
541490,541490,1,1
5415//,5415//,4,1
54151/,54151/,4,1
541511,541511,1,1
541512,541512,1,1
541513,541513,1,1
541519,541519,1,1
5416//,5416//,7,1
54161/,54161/,5,1
541611,541611,1,1
541612,541612,1,1
541613,541613,1,1
541614,541614,1,1
541618,541618,1,1
54162/,54162/,1,1
541620,541620,1,1
54169/,54169/,1,1
541690,541690,1,1
5417//,5417//,2,1
54171/,54171/,1,1
541710,541710,1,1
54172/,54172/,1,1
541720,541720,1,1
5418//,5418//,8,1
54181/,54181/,1,1
541810,541810,1,1
54182/,54182/,1,1
541820,541820,1,1
54183/,54183/,1,1
541830,541830,1,1
54184/,54184/,1,1
541840,541840,1,1
54185/,54185/,1,1
541850,541850,1,1
54186/,54186/,1,1
541860,541860,1,1
54187/,54187/,1,1
541870,541870,1,1
54189/,54189/,1,1
541890,541890,1,1
5419//,5419//,6,1
54191/,54191/,1,1
541910,541910,1,1
54192/,54192/,2,1
541921,541921,1,1
541922,541922,1,1
54193/,54193/,1,1
541930,541930,1,1
54194/,54194/,1,1
541940,541940,1,1
54199/,54199/,1,1
541990,541990,1,1
55----,55----,3,1
551///,551///,3,1
5511//,5511//,3,1
55111/,55111/,3,1
551111,551111,1,1
551112,551112,1,1
551114,551114,1,1
56----,23----,1,.022727273
56----,56----,43,.97727275
561///,238///,1,.030303031
561///,561///,32,.969697
5611//,5611//,1,1
56111/,56111/,1,1
561110,561110,1,1
5612//,5612//,1,1
56121/,56121/,1,1
561210,561210,1,1
5613//,5613//,3,1
56131/,56131/,1,1
561310,561310,1,1
56132/,56132/,1,1
561320,561320,1,1
56133/,56133/,1,1
561330,561330,1,1
5614//,5614//,10,1
56141/,56141/,1,1
561410,561410,1,1
56142/,56142/,2,1
561421,561421,1,1
561422,561422,1,1
56143/,56143/,2,1
561431,561431,1,1
561439,561439,1,1
56144/,56144/,1,1
561440,561440,1,1
56145/,56145/,1,1
561450,561450,1,1
56149/,56149/,3,1
561491,561491,1,1
561492,561492,1,1
561499,561499,1,1
5615//,5615//,4,1
56151/,56151/,1,1
561510,561510,1,1
56152/,56152/,1,1
561520,561520,1,1
56159/,56159/,2,1
561591,561591,1,1
561599,561599,1,1
5616//,5616//,5,1
56161/,56161/,3,1
561611,561611,1,1
561612,561612,1,1
561613,561613,1,1
56162/,56162/,2,1
561621,561621,1,1
561622,561622,1,1
5617//,2389//,1,.16666667
5617//,5617//,5,.83333331
56171/,56171/,1,1
561710,561710,1,1
56172/,23899/,1,.5
56172/,56172/,1,.5
561720,238990,1,.5
561720,561720,1,.5
56173/,56173/,1,1
561730,561730,1,1
56174/,56174/,1,1
561740,561740,1,1
56179/,56179/,1,1
561790,561790,1,1
5619//,5619//,3,1
56191/,56191/,1,1
561910,561910,1,1
56192/,56192/,1,1
561920,561920,1,1
56199/,56199/,1,1
561990,561990,1,1
562///,562///,11,1
5621//,5621//,3,1
56211/,56211/,3,1
562111,562111,1,1
562112,562112,1,1
562119,562119,1,1
5622//,5622//,4,1
56221/,56221/,4,1
562211,562211,1,1
562212,562212,1,1
562213,562213,1,1
562219,562219,1,1
5629//,5629//,4,1
56291/,56291/,1,1
562910,562910,1,1
56292/,56292/,1,1
562920,562920,1,1
56299/,56299/,2,1
562991,562991,1,1
562998,562998,1,1
61----,61----,17,1
611///,611///,17,1
6111//,6111//,1,1
61111/,61111/,1,1
611110,611110,1,1
6112//,6112//,1,1
61121/,61121/,1,1
611210,611210,1,1
6113//,6113//,1,1
61131/,61131/,1,1
611310,611310,1,1
6114//,6114//,3,1
61141/,61141/,1,1
611410,611410,1,1
61142/,61142/,1,1
611420,611420,1,1
61143/,61143/,1,1
611430,611430,1,1
6115//,6115//,4,1
61151/,61151/,4,1
611511,611511,1,1
611512,611512,1,1
611513,611513,1,1
611519,611519,1,1
6116//,6116//,6,1
61161/,61161/,1,1
611610,611610,1,1
61162/,61162/,1,1
611620,611620,1,1
61163/,61163/,1,1
611630,611630,1,1
61169/,61169/,3,1
611691,611691,1,1
611692,611692,1,1
611699,611699,1,1
6117//,6117//,1,1
61171/,61171/,1,1
611710,611710,1,1
62----,62----,39,1
621///,621///,21,1
6211//,6211//,2,1
62111/,62111/,2,1
621111,621111,1,1
621112,621112,1,1
6212//,6212//,1,1
62121/,62121/,1,1
621210,621210,1,1
6213//,6213//,6,1
62131/,62131/,1,1
621310,621310,1,1
62132/,62132/,1,1
621320,621320,1,1
62133/,62133/,1,1
621330,621330,1,1
62134/,62134/,1,1
621340,621340,1,1
62139/,62139/,2,1
621391,621391,1,1
621399,621399,1,1
6214//,6214//,6,1
62141/,62141/,1,1
621410,621410,1,1
62142/,62142/,1,1
621420,621420,1,1
62149/,62149/,4,1
621491,621491,1,1
621492,621492,1,1
621493,621493,1,1
621498,621498,1,1
6215//,6215//,2,1
62151/,62151/,2,1
621511,621511,1,1
621512,621512,1,1
6216//,6216//,1,1
62161/,62161/,1,1
621610,621610,1,1
6219//,6219//,3,1
62191/,62191/,1,1
621910,621910,1,1
62199/,62199/,2,1
621991,621991,1,1
621999,621999,1,1
622///,622///,3,1
6221//,6221//,1,1
62211/,62211/,1,1
622110,622110,1,1
6222//,6222//,1,1
62221/,62221/,1,1
622210,622210,1,1
6223//,6223//,1,1
62231/,62231/,1,1
622310,622310,1,1
623///,623///,6,1
6231//,6231//,1,1
62311/,62311/,1,1
623110,623110,1,1
6232//,6232//,2,1
62321/,62321/,1,1
623210,623210,1,1
62322/,62322/,1,1
623220,623220,1,1
6233//,6233//,2,1
62331/,62331/,2,1
623311,623311,1,1
623312,623312,1,1
6239//,6239//,1,1
62399/,62399/,1,1
623990,623990,1,1
624///,624///,9,1
6241//,6241//,3,1
62411/,62411/,1,1
624110,624110,1,1
62412/,62412/,1,1
624120,624120,1,1
62419/,62419/,1,1
624190,624190,1,1
6242//,6242//,4,1
62421/,62421/,1,1
624210,624210,1,1
62422/,62422/,2,1
624221,624221,1,1
624229,624229,1,1
62423/,62423/,1,1
624230,624230,1,1
6243//,6243//,1,1
62431/,62431/,1,1
624310,624310,1,1
6244//,6244//,1,1
62441/,62441/,1,1
624410,624410,1,1
71----,71----,25,1
711///,711///,11,1
7111//,7111//,4,1
71111/,71111/,1,1
711110,711110,1,1
71112/,71112/,1,1
711120,711120,1,1
71113/,71113/,1,1
711130,711130,1,1
71119/,71119/,1,1
711190,711190,1,1
7112//,7112//,3,1
71121/,71121/,3,1
711211,711211,1,1
711212,711212,1,1
711219,711219,1,1
7113//,7113//,2,1
71131/,71131/,1,1
711310,711310,1,1
71132/,71132/,1,1
711320,711320,1,1
7114//,7114//,1,1
71141/,71141/,1,1
711410,711410,1,1
7115//,7115//,1,1
71151/,71151/,1,1
711510,711510,1,1
712///,712///,4,1
7121//,7121//,4,1
71211/,71211/,1,1
712110,712110,1,1
71212/,71212/,1,1
712120,712120,1,1
71213/,71213/,1,1
712130,712130,1,1
71219/,71219/,1,1
712190,712190,1,1
713///,713///,10,1
7131//,7131//,2,1
71311/,71311/,1,1
713110,713110,1,1
71312/,71312/,1,1
713120,713120,1,1
7132//,7132//,2,1
71321/,71321/,1,1
713210,713210,1,1
71329/,71329/,1,1
713290,713290,1,1
7139//,7139//,6,1
71391/,71391/,1,1
713910,713910,1,1
71392/,71392/,1,1
713920,713920,1,1
71393/,71393/,1,1
713930,713930,1,1
71394/,71394/,1,1
713940,713940,1,1
71395/,71395/,1,1
713950,713950,1,1
71399/,71399/,1,1
713990,713990,1,1
72----,72----,15,1
721///,721///,7,1
7211//,7211//,4,1
72111/,72111/,1,1
721110,721110,1,1
72112/,72112/,1,1
721120,721120,1,1
72119/,72119/,2,1
721191,721191,1,1
721199,721199,1,1
7212//,7212//,2,1
72121/,72121/,2,1
721211,721211,1,1
721214,721214,1,1
7213//,7213//,1,1
72131/,72131/,1,1
721310,721310,1,1
722///,722///,8,1
7221//,7221//,1,1
72211/,72211/,1,1
722110,722110,1,1
7222//,7222//,3,1
72221/,72221/,3,1
722211,722211,1,1
722212,722212,1,1
722213,722213,1,1
7223//,7223//,3,1
72231/,72231/,1,1
722310,722310,1,1
72232/,72232/,1,1
722320,722320,1,1
72233/,72233/,1,1
722330,722330,1,1
7224//,7224//,1,1
72241/,72241/,1,1
722410,722410,1,1
81----,81----,49,1
811///,811///,19,1
8111//,8111//,9,1
81111/,81111/,4,1
811111,811111,1,1
811112,811112,1,1
811113,811113,1,1
811118,811118,1,1
81112/,81112/,2,1
811121,811121,1,1
811122,811122,1,1
81119/,81119/,3,1
811191,811191,1,1
811192,811192,1,1
811198,811198,1,1
8112//,8112//,4,1
81121/,81121/,4,1
811211,811211,1,1
811212,811212,1,1
811213,811213,1,1
811219,811219,1,1
8113//,8113//,1,1
81131/,81131/,1,1
811310,811310,1,1
8114//,8114//,5,1
81141/,81141/,2,1
811411,811411,1,1
811412,811412,1,1
81142/,81142/,1,1
811420,811420,1,1
81143/,81143/,1,1
811430,811430,1,1
81149/,81149/,1,1
811490,811490,1,1
812///,812///,16,1
8121//,8121//,5,1
81211/,81211/,3,1
812111,812111,1,1
812112,812112,1,1
812113,812113,1,1
81219/,81219/,2,1
812191,812191,1,1
812199,812199,1,1
8122//,8122//,2,1
81221/,81221/,1,1
812210,812210,1,1
81222/,81222/,1,1
812220,812220,1,1
8123//,8123//,4,1
81231/,81231/,1,1
812310,812310,1,1
81232/,81232/,1,1
812320,812320,1,1
81233/,81233/,2,1
812331,812331,1,1
812332,812332,1,1
8129//,8129//,5,1
81291/,81291/,1,1
812910,812910,1,1
81292/,81292/,2,1
812921,812921,1,1
812922,812922,1,1
81293/,81293/,1,1
812930,812930,1,1
81299/,81299/,1,1
812990,812990,1,1
813///,813///,13,1
8131//,8131//,1,1
81311/,81311/,1,1
813110,813110,1,1
8132//,8132//,3,1
81321/,81321/,3,1
813211,813211,1,1
813212,813212,1,1
813219,813219,1,1
8133//,8133//,3,1
81331/,81331/,3,1
813311,813311,1,1
813312,813312,1,1
813319,813319,1,1
8134//,8134//,1,1
81341/,81341/,1,1
813410,813410,1,1
8139//,8139//,5,1
81391/,81391/,1,1
813910,813910,1,1
81392/,81392/,1,1
813920,813920,1,1
81393/,81393/,1,1
813930,813930,1,1
81394/,81394/,1,1
813940,813940,1,1
81399/,81399/,1,1
813990,813990,1,1
814///,814///,1,1
8141//,8141//,1,1
81411/,81411/,1,1
814110,814110,1,1
92----,92----,29,1
921///,921///,6,1
9211//,9211//,6,1
92111/,92111/,1,1
921110,921110,1,1
92112/,92112/,1,1
921120,921120,1,1
92113/,92113/,1,1
921130,921130,1,1
92114/,92114/,1,1
921140,921140,1,1
92115/,92115/,1,1
921150,921150,1,1
92119/,92119/,1,1
921190,921190,1,1
922///,922///,7,1
9221//,9221//,7,1
92211/,92211/,1,1
922110,922110,1,1
92212/,92212/,1,1
922120,922120,1,1
92213/,92213/,1,1
922130,922130,1,1
92214/,92214/,1,1
922140,922140,1,1
92215/,92215/,1,1
922150,922150,1,1
92216/,92216/,1,1
922160,922160,1,1
92219/,92219/,1,1
922190,922190,1,1
923///,923///,4,1
9231//,9231//,4,1
92311/,92311/,1,1
923110,923110,1,1
92312/,92312/,1,1
923120,923120,1,1
92313/,92313/,1,1
923130,923130,1,1
92314/,92314/,1,1
923140,923140,1,1
924///,924///,2,1
9241//,9241//,2,1
92411/,92411/,1,1
924110,924110,1,1
92412/,92412/,1,1
924120,924120,1,1
925///,925///,2,1
9251//,9251//,2,1
92511/,92511/,1,1
925110,925110,1,1
92512/,92512/,1,1
925120,925120,1,1
926///,926///,5,1
9261//,9261//,5,1
92611/,92611/,1,1
926110,926110,1,1
92612/,92612/,1,1
926120,926120,1,1
92613/,92613/,1,1
926130,926130,1,1
92614/,92614/,1,1
926140,926140,1,1
92615/,92615/,1,1
926150,926150,1,1
927///,927///,1,1
9271//,9271//,1,1
92711/,92711/,1,1
927110,927110,1,1
928///,928///,2,1
9281//,9281//,2,1
92811/,92811/,1,1
928110,928110,1,1
92812/,92812/,1,1
928120,928120,1,1
949///,949///,1,1
9499//,9499//,1,1
949999,95----,1,1
99----,99----,1,1
