GeoFIPS,GeoName,Region,TableName,LineCode,IndustryClassification,Description,Unit,1958,1959,1960,1961,1962,1963,1964,1965,1966,1967,1968,1969,1970,1971,1972,1973,1974,1975,1976,1977,1978,1979,1980,1981,1982,1983,1984,1985,1986,1987,1988,1989,1990,1991,1992,1993,1994,1995,1996,1997,1998,1999,2000,2001
 "48000","Texas",6,SAINC6S,1,"...","Compensation of employees (thousands of dollars) 1/","Thousands of dollars",11950562,12728522,13176712,13769944,14596321,15319304,16494893,17711268,19809343,21979049,24607011,27664594,29900478,32080034,35406481,39972318,45588753,51429000,58919371,66952406,77973963,90434843,105037030,123180016,134465151,139280280,151936985,162589973,163709862,166776423,177087808,188227778,203587176,216556579,230736149,242432723,255349218,271115687,289295580,316372101,348050335,371202133,405530318,424073471
 "48000","Texas",6,SAINC6S,5,"..."," Wages and salaries","Thousands of dollars",10848783,11527243,11904685,12419743,13155626,13792502,14855718,15934696,17701195,19623553,22000111,24602959,26527508,28264757,31012589,34943548,39741330,44349763,50739049,57352824,66817199,77335616,89813168,105151471,114339863,117750664,128356023,137178977,137106021,139650478,147836680,155785270,168183809,177884983,189215516,198740136,209454924,223953353,240191189,264047825,291035692,310514965,339022925,352372323
 "48000","Texas",6,SAINC6S,6,"..."," Supplements to wages and salaries","Thousands of dollars",1101779,1201279,1272027,1350201,1440695,1526802,1639175,1776572,2108148,2355496,2606900,3061635,3372970,3815277,4393892,5028770,5847423,7079237,8180322,9599582,11156764,13099227,15223862,18028545,20125288,21529616,23580962,25410996,26603841,27125945,29251128,32442508,35403367,38671596,41520633,43692587,45894294,47162334,49104391,52324276,57014643,60687168,66507393,71701148
 "48000","Texas",6,SAINC6S,7,"...","  Employer contributions for employee pension and insurance funds 2/","Thousands of dollars",868471,915163,937092,1000681,1058814,1105614,1196923,1309794,1487766,1658270,1832860,2066994,2310571,2622125,2983650,3209980,3709612,4697094,5316766,6322070,7215575,8382798,9840037,11361304,12764127,13811191,14738531,16123614,17343672,17900512,19135901,21819785,24094032,26532622,28572500,29983478,31265925,31670025,32609359,34354309,37404282,39936174,44142901,48222808
 "48000","Texas",6,SAINC6S,8,"...","  Employer contributions for government social insurance","Thousands of dollars",233308,286116,334935,349520,381881,421188,442252,466778,620382,697226,774040,994641,1062399,1193152,1410242,1818790,2137811,2382143,2863556,3277512,3941189,4716429,5383825,6667241,7361161,7718425,8842431,9287382,9260169,9225433,10115227,10622723,11309335,12138974,12948133,13709109,14628369,15492309,16495032,17969967,19610361,20750994,22364492,23478340
 "48000","Texas",6,SAINC6S,9,"...","Average compensation per job (dollars) 3/","Dollars",(NA),(NA),(NA),(NA),(NA),(NA),(NA),(NA),(NA),(NA),(NA),6575,7060,7482,7982,8518,9346,10356,11303,12254,13442,14836,16553,18452,19887,20835,21717,22676,23297,23897,24942,25910,27256,28525,29949,30596,31222,32078,33367,35036,37134,38775,41167,42707
 "48000","Texas",6,SAINC6S,81,"[01-02]"," Farm compensation","Thousands of dollars",234337,249455,253199,276756,284088,256756,254381,243431,250839,236459,255888,274864,277642,270200,286521,305452,320718,324592,354016,416653,492871,525856,530751,507531,557341,541512,550805,565466,534474,549900,612907,656348,759097,736372,678326,742797,683911,781634,765192,796534,785468,884212,851885,956721
 "48000","Texas",6,SAINC6S,82,"..."," Nonfarm compensation","Thousands of dollars",11716225,12479067,12923513,13493188,14312233,15062548,16240512,17467837,19558504,21742590,24351123,27389730,29622836,31809834,35119960,39666866,45268035,51104408,58565355,66535753,77481092,89908987,104506279,122672485,133907810,138738768,151386180,162024507,163175388,166226523,176474901,187571430,202828079,215820207,230057823,241689926,254665307,270334053,288530388,315575567,347264867,370317921,404678433,423116750
 "48000","Texas",6,SAINC6S,90,"...","  Private nonfarm compensation","Thousands of dollars",9010814,9679997,9965720,10356478,10974351,11541577,12499092,13474373,14973512,16613317,18679787,21121181,22640584,24002177,26549837,30254396,35030157,39760278,45977378,52960990,62707585,73701815,86478262,102190566,111118466,113930412,124628055,132567937,132501808,134218852,142303808,150766121,163318051,174030157,184645035,194015235,204784617,218245420,234717159,259296966,288106021,307514985,337177901,350767358
 "48000","Texas",6,SAINC6S,100,"[07-09]","   Agricultural services, forestry, and fishing","Thousands of dollars",20557,22075,23077,26327,31649,36984,46064,50459,56167,67016,75111,86720,98878,111534,124494,144102,164029,185428,222606,252956,338105,419956,473693,475689,514460,543654,596497,689243,690917,722091,758734,759487,822548,895653,922204,994597,1056006,1126281,1172888,1291454,1415451,1674168,1763493,1919383
 "48000","Texas",6,SAINC6S,110,"07","    Agricultural services","Thousands of dollars",11358,13425,16684,19910,23820,28662,37841,40140,45647,54921,64003,75527,87621,97015,106124,122425,144419,160492,186587,217481,299121,373619,431061,441652,479872,503330,566997,650248,653930,687340,719687,715057,774726,847433,871592,943399,1001275,1070335,1116554,1232868,1354050,1606215,1690330,(NA)
 "48000","Texas",6,SAINC6S,120,"...","    Forestry and fishing","Thousands of dollars",9199,8650,6393,6417,7829,8322,8223,10319,10520,12095,11108,11193,11257,14519,18370,21677,19610,24936,36019,35475,38984,46337,42632,34037,34588,40324,29500,38995,36987,34751,39047,44430,47822,48220,50612,51198,54731,55946,56334,58586,61401,67953,73163,(NA)
 "48000","Texas",6,SAINC6S,121,"08","     Forestry","Thousands of dollars",(D),(D),(D),(D),(D),(D),(D),(D),(D),(D),(D),(D),(D),(D),(D),(D),(D),(D),(D),(D),(D),(D),(D),(D),(D),(D),(D),17330,16159,12053,13586,16619,16909,17267,20717,18958,19845,22048,23456,25522,26703,30883,34696,(NA)
 "48000","Texas",6,SAINC6S,122,"...","     Fishing","Thousands of dollars",(D),(D),(D),(D),(D),(D),(D),(D),(D),(D),(D),(D),(D),(D),(D),(D),(D),(D),(D),(D),(D),(D),(D),(D),(D),(D),(D),21665,20828,22698,25461,27811,30913,30953,29895,32240,34886,33898,32878,33064,34698,37070,38467,(NA)
 "48000","Texas",6,SAINC6S,200,"B","   Mining","Thousands of dollars",767050,808312,799168,818823,836481,831629,845643,851168,886797,924615,953492,1040954,1107671,1159754,1246553,1419480,1816821,2262177,2540676,3098212,4062726,4938172,6681795,9285631,10338625,9599864,10251717,10368592,8821506,8038454,8310332,8342840,8916222,9733745,9900888,9962841,9975843,9849582,10247635,11408243,11952575,11246659,12517564,13600333
 "48000","Texas",6,SAINC6S,210,"10","    Metal mining","Thousands of dollars",(D),(D),(D),(D),(D),(D),(D),(D),(D),(D),(D),(D),(D),(D),(D),(D),(D),(D),(D),(D),(D),(D),(D),(D),(D),(D),(D),(D),(D),(D),(D),(D),(D),(D),15446,(D),20269,20411,27109,(D),20050,20962,17173,(NA)
 "48000","Texas",6,SAINC6S,220,"12","    Coal mining","Thousands of dollars",(D),(D),(D),(D),(D),(D),(D),(D),(D),(D),(D),(D),(D),(D),(D),(D),(D),(D),(D),(D),(D),(D),(D),(D),(D),(D),(D),(D),(D),(D),(D),(D),(D),(D),236802,188858,174732,179313,191097,(D),188370,189222,196280,(NA)
 "48000","Texas",6,SAINC6S,230,"13","    Oil and gas extraction","Thousands of dollars",730164,769481,761522,780829,800606,795015,807466,812290,846127,880620,904583,984084,1050215,1102470,1185358,1353265,1738613,2174957,2446068,2980288,3908006,4750915,6453696,8994319,10040640,9312950,9965295,10090103,8411966,7618399,7904831,7932955,8501265,9315795,9464788,9570975,9587767,9441725,9808786,10949467,11467452,10732754,11996222,(NA)
 "48000","Texas",6,SAINC6S,240,"14","    Nonmetallic minerals, except fuels","Thousands of dollars",34940,35840,35296,35379,33981,34521,35774,36882,38585,41899,46446,52935,53598,53448,57066,62754,75049,83082,88015,102780,122874,143209,173447,202299,204274,208681,203958,196072,194328,198950,198310,184000,182753,171701,183852,(D),193075,208133,220643,240504,276703,303721,307889,(NA)
 "48000","Texas",6,SAINC6S,300,"C","   Construction","Thousands of dollars",697377,752757,749166,822980,858118,904410,1035227,1131845,1316506,1482822,1638377,1866097,1999649,2098943,2300802,2661389,3241955,3756507,4585509,5291474,6332489,7569692,8404923,9349031,9946687,10143997,10811138,11143669,10458841,9166730,9148399,9363405,10246756,10983001,11518752,11768654,12950998,14236017,15757910,17115966,19359999,21260972,23822179,24939573
 "48000","Texas",6,SAINC6S,310,"15","    General building contractors","Thousands of dollars",213752,229861,236389,274763,282349,287389,330770,374829,464142,506564,556452,620026,665414,659744,709511,833357,1009135,938719,1137433,1153686,1369620,1586725,1743696,1961963,2239495,2414121,2637276,2722914,2435864,1977367,1949520,1853614,2015213,2119368,2233155,2274249,2506272,2744676,3102258,3451768,3970039,4444716,4975539,(NA)
 "48000","Texas",6,SAINC6S,320,"16","    Heavy construction contractors","Thousands of dollars",214402,232639,229840,237948,243287,252240,296849,316126,360366,415771,435475,513108,545464,575434,630875,738974,979720,1459816,1801527,2182791,2660752,3244973,3448442,3749025,3626333,3308429,3401632,3559352,3437035,3194540,3252796,3635469,3727947,4016453,4056536,3945944,4013505,4419119,4773789,4886277,5453730,5612203,6112490,(NA)
 "48000","Texas",6,SAINC6S,330,"17","    Special trade contractors","Thousands of dollars",269223,290257,282937,310269,332482,364781,407608,440890,491998,560487,646450,732963,788771,863765,960416,1089058,1253100,1357972,1646549,1954997,2302117,2737994,3212785,3638043,4080859,4421447,4772230,4861403,4585942,3994823,3946083,3874322,4503596,4847180,5229061,5548461,6431221,7072222,7881863,8777921,9936230,11204053,12734150,(NA)
 "48000","Texas",6,SAINC6S,400,"D","   Manufacturing","Thousands of dollars",2610779,2783878,2830372,2937955,3134076,3295740,3605018,3905578,4431133,4957043,5697922,6457982,6617312,6677997,7316349,8282379,9581079,10652060,12181562,14040315,16176922,18952291,21989522,25868750,26401757,25472086,27375880,28848703,28542903,29353137,31613609,33304306,35192836,36784582,38344081,40296224,42035966,44081881,46422237,49953461,54411716,55639443,59184240,59890106
 "48000","Texas",6,SAINC6S,410,"...","    Durable goods manufacturing","Thousands of dollars",1252518,1346585,1350118,1405045,1523672,1627071,1842913,2048297,2412964,2756635,3279730,3774804,3736803,3644227,4048467,4677502,5454904,6006353,6804871,7889366,9298031,11201296,13244880,15863752,15809134,14629400,15987303,17080558,16631966,17043220,18606658,19690815,20839413,21490876,22059165,23429158,24614558,26109614,28061922,30572452,34431770,35379174,38324872,38328517
 "48000","Texas",6,SAINC6S,413,"24","     Lumber and wood products","Thousands of dollars",60032,66819,65274,64745,71349,76305,81229,87047,92832,101202,115328,132587,133369,152773,179134,203872,220308,263463,323336,394399,465574,503917,537135,606088,651509,756103,840973,835115,800800,736130,766519,729051,743109,732239,820411,957367,1074994,1127471,1234740,1327487,1508172,1573950,1589936,(NA)
 "48000","Texas",6,SAINC6S,417,"25","     Furniture and fixtures","Thousands of dollars",41403,46569,46150,46265,49612,51607,56917,64046,72490,78314,90711,101670,104681,112402,123848,143034,152142,141494,159754,178312,201830,223644,225981,245989,255670,285873,328728,335006,345565,340660,355840,361602,387790,388440,404525,439133,458289,487802,513646,563835,589720,646032,691833,(NA)
 "48000","Texas",6,SAINC6S,420,"32","     Stone, clay, and glass products","Thousands of dollars",100824,113535,113615,116295,126669,137885,154069,164494,174503,184960,209715,229716,242911,267372,298854,333942,374165,400421,469460,545189,663859,777820,854770,977132,1018723,1092732,1214650,1292805,1285902,1203611,1107768,1113282,1117074,1089853,1141692,1241003,1311538,1353671,1441234,1545908,1645765,1860220,2001240,(NA)
 "48000","Texas",6,SAINC6S,423,"33","     Primary metal industries","Thousands of dollars",146465,160098,163315,163613,177634,180724,206171,225340,253886,260055,282328,322726,335099,340762,387496,473152,566606,586186,635522,801510,902180,1073430,1240900,1504901,1326165,1056043,1115862,1031587,934305,906328,1043058,1072015,1124252,1178091,1267607,1269537,1354686,1301992,1327785,1451386,1451949,1473470,1603649,(NA)
 "48000","Texas",6,SAINC6S,426,"34","     Fabricated metal products","Thousands of dollars",155219,166403,172275,182979,194038,206404,233210,259695,298655,338693,384116,437735,484119,526092,591740,704080,851398,1035906,1142518,1247041,1472757,1700682,1993980,2286791,2227810,1982069,2105004,2168277,2063547,2043114,2196217,2363797,2596684,2777200,2897153,2954311,3153880,3385138,3615930,3993366,4227849,4293027,4589180,(NA)
 "48000","Texas",6,SAINC6S,429,"35","     Industrial machinery and equipment","Thousands of dollars",216153,241348,245642,253719,276794,287035,323351,366665,422983,472223,537128,642683,649853,660497,771373,923396,1188361,1455226,1651595,1916670,2389259,2937717,3600719,4926189,4803908,3700853,3969478,4146014,3377997,3363643,3741097,4018058,4439581,4846777,4756814,5132904,5657697,6079270,6489611,7239826,8844155,8590684,9154642,(NA)
 "48000","Texas",6,SAINC6S,432,"36","     Electronic and other electric equipment","Thousands of dollars",63436,90217,112932,132494,158929,186414,207822,259277,329039,378050,446935,517550,510097,483460,540921,648024,771304,740112,917602,1121729,1387109,1806580,2199225,2270332,2456497,2644104,3036512,3576298,3812461,4048235,3874193,4169384,4386865,4460459,4506149,4990620,5431735,6031073,6617813,7223537,8245422,8831988,10645046,(NA)
 "48000","Texas",6,SAINC6S,435,"371","     Motor vehicles and equipment","Thousands of dollars",42661,45691,45398,41172,51804,63574,75213,91475,95681,86406,115060,112879,93765,101198,123866,143895,153551,161146,192567,242711,247527,294198,299022,373372,332147,410218,488751,513649,449242,468772,627326,580478,552168,572308,592887,665533,747095,702950,663734,694636,789330,878469,914824,(NA)
 "48000","Texas",6,SAINC6S,438,"372-379","     Other transportation equipment","Thousands of dollars",376630,359367,326391,338164,335360,341886,402751,417494,533027,665843,874195,1024405,950918,765252,746597,766308,848724,950442,1004056,1079817,1174851,1442454,1739850,1950044,1940718,1893415,2020234,2266004,2641199,2998479,3269566,3543597,3618128,3437507,3524459,3542227,3157946,3237243,3374767,3751658,4155371,4177559,4200432,(NA)
 "48000","Texas",6,SAINC6S,441,"38","     Instruments and related products","Thousands of dollars",20334,24280,25361,27611,31187,34110,38654,48658,59651,67512,74324,95798,102698,107089,136389,173884,156916,176035,197329,238648,251489,276172,364334,507994,567945,561163,599851,635901,638967,627322,1268634,1345079,1457396,1555396,1675759,1738455,1725651,1838147,2163416,2102131,2278824,2338855,2182153,(NA)
 "48000","Texas",6,SAINC6S,444,"39","     Miscellaneous manufacturing industries","Thousands of dollars",20427,21677,22036,21946,24173,26378,28013,30729,32717,35372,41406,50812,58851,64509,73963,85202,93389,95922,111132,123340,141596,164682,188964,214920,228042,246827,267260,279902,281981,306926,356440,394472,416366,452606,471709,498068,541047,564857,619246,678682,695213,714920,751937,(NA)
 "48000","Texas",6,SAINC6S,447,"...","     Ordnance 4/","Thousands of dollars",8934,10581,11729,16042,26123,34749,35513,33377,47500,88005,108484,106243,70442,62821,74286,78713,78040,(NA),(NA),(NA),(NA),(NA),(NA),(NA),(NA),(NA),(NA),(NA),(NA),(NA),(NA),(NA),(NA),(NA),(NA),(NA),(NA),(NA),(NA),(NA),(NA),(NA),(NA),(NA)
 "48000","Texas",6,SAINC6S,450,"...","    Nondurable goods manufacturing","Thousands of dollars",1358261,1437293,1480254,1532910,1610404,1668669,1762105,1857281,2018169,2200408,2418192,2683178,2880509,3033770,3267882,3604877,4126175,4645707,5376691,6150949,6878891,7750995,8744642,10004998,10592623,10842686,11388577,11768145,11910937,12309917,13006951,13613491,14353423,15293706,16284916,16867066,17421408,17972267,18360315,19381009,19979946,20260269,20859368,21561589
 "48000","Texas",6,SAINC6S,453,"20","     Food and kindred products","Thousands of dollars",342683,355476,367868,376930,391851,400231,421485,440606,468020,504704,550293,592851,635362,666616,699208,760974,868109,980761,1128234,1270366,1376817,1524604,1699219,1883993,2000448,2063836,2160567,2270763,2416088,2503281,2546030,2641143,2778890,2889113,2974722,3048236,3060938,3258781,3302144,3523741,3828707,3824930,3950125,(NA)
 "48000","Texas",6,SAINC6S,456,"21","     Tobacco products","Thousands of dollars",(D),(D),(D),(D),(D),(D),(D),(D),(D),(D),(D),(D),(D),(D),(D),(D),(D),(D),(D),(D),(D),(D),(D),(D),(D),(D),(D),(D),(D),(D),(D),(D),(D),(D),(D),(D),(D),(D),(D),(D),(D),(D),(D),(NA)
 "48000","Texas",6,SAINC6S,459,"22","     Textile mill products","Thousands of dollars",(D),(D),(D),(D),(D),(D),(D),(D),(D),(D),(D),(D),(D),(D),(D),(D),(D),(D),(D),(D),(D),(D),(D),(D),(D),(D),(D),(D),(D),(D),(D),(D),(D),(D),(D),(D),(D),(D),(D),(D),(D),(D),(D),(NA)
 "48000","Texas",6,SAINC6S,462,"23","     Apparel and other textile products","Thousands of dollars",93682,106822,110843,115414,134941,144924,157398,171936,201155,219863,252940,279876,306109,336780,366880,426624,470852,489923,559756,594632,657606,710939,787251,839460,780632,801803,852761,842642,811653,848660,889862,952183,962863,1037235,1170078,1290074,1372799,1341790,1301698,1315235,1297317,1202987,1142977,(NA)
 "48000","Texas",6,SAINC6S,465,"26","     Paper and allied products","Thousands of dollars",53085,58701,63325,67116,71152,74902,81857,87159,97635,106473,121964,145060,151200,158189,176177,195930,213836,240952,285901,338065,379873,425755,480878,544215,569204,597347,686551,709547,729332,771686,821324,867698,908229,987773,1063705,1102511,1174208,1219941,1267862,1317517,1349888,1383093,1413940,(NA)
 "48000","Texas",6,SAINC6S,468,"27","     Printing and publishing","Thousands of dollars",133510,143017,151448,155937,164222,174945,188464,200627,219691,240410,260509,296196,316587,327974,366330,413571,456254,491499,545718,633811,730477,847783,1008297,1170759,1317700,1422025,1608086,1755959,1849230,1875752,1972658,1987944,2136429,2238544,2322296,2389375,2476781,2505048,2607271,2801475,3002000,3037364,3199078,(NA)
 "48000","Texas",6,SAINC6S,471,"28","     Chemicals and allied products","Thousands of dollars",288039,314328,346520,364963,397040,415225,446788,473268,522993,591461,638134,715942,764751,799015,850266,923099,1086479,1228989,1435976,1646524,1872546,2135453,2420942,2732664,2948963,2976648,3060404,3262602,3316828,3499516,3954378,4128185,4388062,4696494,5031742,5144127,5286289,5436665,5720368,5935715,6001781,6136650,6312059,(NA)
 "48000","Texas",6,SAINC6S,474,"29","     Petroleum and coal products","Thousands of dollars",387681,390682,372367,384268,376557,378522,376130,383354,394154,407070,441257,481110,521007,547389,566468,596843,703209,874458,1014411,1178712,1299981,1458581,1610754,1930343,2064727,2050270,1995768,1903570,1753277,1716525,1571821,1678930,1731507,1907040,2060833,2111357,2172630,2213448,2108801,2293130,2147933,2202317,2223743,(NA)
 "48000","Texas",6,SAINC6S,477,"30","     Rubber and miscellaneous plastics products","Thousands of dollars",26542,32170,33134,34412,38752,43544,50000,53802,62077,73393,88055,104724,115159,126665,157304,192930,222375,234627,284247,352250,416721,495461,559879,672426,689786,719413,813231,811599,828890,883770,1033074,1125792,1214388,1275603,1356177,1469697,1571005,1692525,1747336,1882929,2037607,2144653,2275663,(NA)
 "48000","Texas",6,SAINC6S,480,"31","     Leather and leather products","Thousands of dollars",9733,10652,9519,9099,9270,11354,12249,14589,16354,17665,22997,25565,28463,30147,37571,39252,46405,50332,62537,67592,71577,75518,95351,138660,133590,122726,119209,118348,114149,123022,132030,139661,144053,163743,196191,199481,200930,(D),190706,188788,189094,194768,194853,(NA)
 "48000","Texas",6,SAINC6S,500,"E","   Transportation and public utilities","Thousands of dollars",1170684,1251731,1274587,1300942,1339670,1378964,1446525,1536135,1673879,1802990,1974625,2146957,2403476,2581953,2891863,3320208,3783735,4194931,4765823,5490456,6336853,7447417,8655500,10006653,10850764,11043164,11686027,12449385,12713062,13271566,13768310,14702797,15922027,16949844,18199330,18933386,19990063,21238731,22572450,24864724,27620436,31014372,35008357,35971873
 "48000","Texas",6,SAINC6S,510,"40","    Railroad transportation","Thousands of dollars",290373,296236,292911,277495,273789,272923,274870,283548,293453,296672,301537,314871,337794,348849,391476,460127,513806,520050,588847,648572,703972,797978,910173,996019,959102,971437,1072056,1098661,1114853,1152635,1050334,1053401,990311,1017951,1073678,1086272,1073309,1112521,1131678,1221245,1358278,1392784,1373154,(NA)
 "48000","Texas",6,SAINC6S,520,"42","    Trucking and warehousing","Thousands of dollars",213351,240423,243585,252963,263583,275271,292722,319612,358758,382591,432918,467652,492772,540379,620941,739697,837486,874251,1026432,1222810,1443630,1665402,1856183,2148195,2157022,2056750,2291225,2406987,2453026,2570390,2658654,2722179,2873065,3006925,3201962,3383454,3690112,3942045,4385673,4929002,5471747,5688516,6235034,(NA)
 "48000","Texas",6,SAINC6S,530,"44","    Water transportation","Thousands of dollars",58137,66883,71019,76150,90017,90515,95140,99768,107943,109439,128670,122782,161752,169243,172197,199828,229353,245559,270113,313470,397362,452259,539289,626546,609590,537523,546773,514274,463409,482214,466928,490423,523334,579926,605540,625431,640925,645134,636146,644362,715053,715540,759687,(NA)
 "48000","Texas",6,SAINC6S,540,"41, 45-47","    Other transportation","Thousands of dollars",193807,204660,207960,215752,221077,222326,230211,248548,279720,324255,360385,406522,447463,475689,521124,576398,660064,756330,853379,976170,1107518,1375660,1621113,1820370,1945873,1983442,2189333,2463989,2654963,2957640,3394565,3866699,4408754,4847266,5273587,5567232,5897210,6146944,6463136,6781536,7492719,8349114,8932980,(NA)
 "48000","Texas",6,SAINC6S,541,"41","     Local and interurban passenger transit","Thousands of dollars",50590,50286,48704,49422,50400,50165,46889,49614,52837,55267,60091,63451,68047,72951,76122,77985,84298,94070,104731,115522,129101,118768,130715,153631,165774,165833,172766,180949,186689,186202,203848,214905,226952,260376,284773,311487,349646,377762,431464,499238,576019,678657,669356,(NA)
 "48000","Texas",6,SAINC6S,542,"45","     Transportation by air","Thousands of dollars",62334,71576,79010,84337,88857,92231,102433,119248,147111,183416,213372,251159,279266,295348,330383,373974,424161,477845,541928,630735,708196,923442,1077535,1169349,1235718,1272114,1455329,1665320,1853151,2082766,2441210,2838591,3251311,3570852,3886867,4109119,4357315,4528386,4692504,4823358,5341730,5969696,6403770,(NA)
 "48000","Texas",6,SAINC6S,543,"46","     Pipelines, except natural gas","Thousands of dollars",63554,63924,60395,60691,60593,58374,57900,56584,57486,59944,60292,64048,67036,70725,74205,72520,78488,91211,100768,107894,122403,144663,173984,200821,209996,209960,197119,212100,204258,224062,236547,222711,229732,249213,283371,267233,242805,250696,246914,260357,268051,314738,319271,(NA)
 "48000","Texas",6,SAINC6S,544,"47","     Transportation services","Thousands of dollars",17329,18874,19851,21302,21227,21556,22989,23102,22286,25628,26630,27864,33114,36665,40414,51919,73117,93204,105952,122019,147818,188787,238879,296569,334385,335535,364119,405620,410865,464610,512960,590492,700759,766825,818576,879393,947444,990100,1092254,1198583,1306919,1386023,1540583,(NA)
 "48000","Texas",6,SAINC6S,560,"48","    Communications","Thousands of dollars",187514,203029,211158,219032,229044,245599,263456,278337,306318,334940,366260,418676,493391,537214,625812,732269,847790,978571,1108935,1263042,1468704,1720228,2023777,2404755,2792954,2881968,2834093,3010774,3032150,3047633,3010982,3130875,3470361,3600746,3718303,4082953,4417937,4918236,5412440,6464474,7596134,8565133,9808544,(NA)
 "48000","Texas",6,SAINC6S,570,"49","    Electric, gas, and sanitary services","Thousands of dollars",227502,240500,247954,259550,262160,272330,290126,306322,327687,355093,384855,416454,470304,510579,560313,611889,695236,820170,918117,1066392,1215667,1435890,1704965,2010768,2386223,2612044,2752547,2954700,2994661,3061054,3186847,3439220,3656202,3897030,4326260,4188044,4270570,4473851,4543377,4824105,4986505,6303285,7898958,(NA)
 "48000","Texas",6,SAINC6S,610,"F","   Wholesale trade","Thousands of dollars",832878,900108,936615,977684,1039441,1106927,1203772,1313118,1468123,1602640,1797981,2027052,2217916,2408309,2663867,3035357,3533774,4133250,4814205,5432103,6449771,7635658,9041132,10436803,11267920,11189289,11990063,12672040,12715521,12464881,13442617,14224953,15168130,16336701,17009194,17480084,18549548,19918402,21578503,24341882,27788544,30109726,32593845,32015505
 "48000","Texas",6,SAINC6S,620,"G","   Retail trade","Thousands of dollars",1296701,1409966,1460111,1479423,1595909,1683770,1815747,1950146,2131277,2315892,2604057,2929917,3180160,3474624,3829113,4330358,4864232,5372879,6282740,7159495,8321034,9550908,10794847,12378853,13659429,14624015,16285189,17363050,17583563,17415106,17947124,18699870,19913572,21089356,22082253,23338071,24998018,26636677,28122533,30221589,33193943,35480079,38043611,39861896
 "48000","Texas",6,SAINC6S,621,"52","    Building materials and garden equipment","Thousands of dollars",134600,148899,146829,146399,153329,158678,158311,159116,165580,172110,190856,210398,221447,249270,278542,311374,330350,299256,356552,421821,492032,560442,618636,671432,762834,866366,954631,973370,911432,818440,786424,790557,807517,857976,928491,1008690,1129914,1243078,1358577,1492196,1679802,1836046,1920264,(NA)
 "48000","Texas",6,SAINC6S,622,"53","    General merchandise stores","Thousands of dollars",224176,244486,257103,265911,293059,313062,348127,380164,423885,463551,530607,600440,657296,715925,778340,855806,954115,876495,992480,1036314,1179406,1329703,1465723,1621481,1720775,1794953,1965923,2070070,2156950,2180613,2388890,2590640,2843218,2884830,3038681,3225792,3483209,3692143,3801682,3931833,4292011,4461422,4781306,(NA)
 "48000","Texas",6,SAINC6S,623,"54","    Food stores","Thousands of dollars",186308,201888,214135,220740,233704,248612,270626,290965,317680,347409,389519,442938,498657,548113,589533,657633,795297,940260,1122138,1275349,1503239,1749315,2034620,2402667,2668872,2830838,3016279,3208188,3352603,3243989,3248852,3307392,3512650,3736764,3803247,3831093,3915575,4045084,4245954,4476163,4704865,4958275,5159489,(NA)
 "48000","Texas",6,SAINC6S,624,"55","    Automotive dealers and service stations","Thousands of dollars",281883,305152,305218,299529,332631,355756,386803,419717,457069,490744,558572,623210,647951,701642,797881,905843,924396,1021348,1186312,1397416,1609027,1781542,1885928,2158373,2362978,2481547,2856537,3080388,3015514,3013527,3148552,3233376,3415708,3461490,3669635,4007918,4435375,4853901,5160615,5475831,6017114,6452670,6879010,(NA)
 "48000","Texas",6,SAINC6S,625,"56","    Apparel and accessory stores","Thousands of dollars",83985,91189,96277,98420,104208,104676,110892,117886,126107,137428,155259,170500,182545,197240,212207,232575,266865,318001,367804,447559,523372,613206,695435,809375,867160,863255,930970,991371,992405,1008116,1052659,1076770,1057516,1112566,1125665,1180137,1188428,1172229,1161735,1255505,1385732,1437897,1566534,(NA)
 "48000","Texas",6,SAINC6S,626,"57","    Home furniture and furnishings stores","Thousands of dollars",74908,82140,84193,83228,88687,90528,94948,101171,108670,116480,136439,150750,162313,178805,204985,242454,277361,296356,352320,393383,451512,516401,585748,672582,754589,826275,966935,1000223,989585,913524,947504,1003807,1059368,1145106,1233840,1318663,1467666,1603398,1769308,1896905,2220469,2595697,2789562,(NA)
 "48000","Texas",6,SAINC6S,627,"58","    Eating and drinking places","Thousands of dollars",159413,172521,183244,189552,203028,217848,239986,264482,297226,330414,371051,425847,475896,518789,556205,662258,780441,938441,1126766,1337079,1590968,1875985,2309893,2794361,3203062,3520126,3862554,4164559,4442111,4499410,4633970,4848163,5266461,5796226,6026813,6460671,6911678,7351658,7767737,8516377,9355731,9990141,10777612,(NA)
 "48000","Texas",6,SAINC6S,628,"59","    Miscellaneous retail","Thousands of dollars",151428,163691,173112,175644,187263,194610,206054,216645,235060,257756,271754,305834,334055,364840,411420,462415,535407,682722,778368,850574,971478,1124314,1198864,1248582,1319159,1440655,1731360,1874881,1722963,1737487,1740273,1849165,1951134,2094398,2255881,2305107,2466173,2675186,2856925,3176779,3538219,3747931,4169834,(NA)
 "48000","Texas",6,SAINC6S,700,"H","   Finance, insurance, and real estate","Thousands of dollars",510357,557565,594167,637383,681635,735992,802631,861623,944530,1039778,1183563,1343647,1471914,1639372,1849670,2113220,2361948,2628115,2991356,3526104,4227089,4970148,5990606,7005989,8064663,9293658,10607656,11711153,12326554,12544715,12924851,13243620,13917198,14672501,15883802,16751796,17397374,17929761,19452187,21680345,24821412,26501083,29030559,31213662
 "48000","Texas",6,SAINC6S,710,"60, 61","    Depository and nondepository institutions","Thousands of dollars",203564,219757,240810,255825,271506,295357,317936,340157,369176,396351,441500,496995,553167,604873,677014,759524,861045,987298,1120596,1282707,1495730,1748424,2034494,2393322,2891695,3331349,3772528,4238393,4466657,4413295,4412447,4512313,4586695,4615393,4905131,5234657,5462672,5619277,6099049,6912163,7844340,8498378,9091213,(NA)
 "48000","Texas",6,SAINC6S,730,"62-65, 67","    Other finance, insurance, and real estate","Thousands of dollars",306793,337808,353357,381558,410129,440635,484695,521466,575354,643427,742063,846652,918747,1034499,1172656,1353696,1500903,1640817,1870760,2243397,2731359,3221724,3956112,4612667,5172968,5962309,6835128,7472760,7859897,8131420,8512404,8731307,9330503,10057108,10978671,11517139,11934702,12310484,13353138,14768182,16977072,18002705,19939346,(NA)
 "48000","Texas",6,SAINC6S,731,"62","     Security and commodity brokers","Thousands of dollars",14840,18268,19880,26678,27027,27187,31354,36138,47073,60205,84720,95004,81429,104277,118333,115549,108294,133089,166247,195565,217842,253867,392906,454179,531756,694861,707619,800618,1003125,1083954,1077746,1059005,1087242,1287812,1713608,1916862,1714881,1789477,2046791,2424375,2902843,3177847,3851109,(NA)
 "48000","Texas",6,SAINC6S,732,"63","     Insurance carriers","Thousands of dollars",179821,193928,204689,216100,231167,252829,278140,296381,319200,349316,380260,418045,459444,489116,528433,584573,666874,775786,856288,968179,1095948,1242175,1419991,1566731,1759605,1902467,2082937,2270587,2435484,2585744,2706462,2876507,3130136,3320746,3519029,3678790,3978776,4145300,4339553,4736849,5273475,5496640,5734265,(NA)
 "48000","Texas",6,SAINC6S,733,"64","     Insurance agents, brokers, and services","Thousands of dollars",43375,46228,48281,50272,51943,55581,59455,64173,68279,73079,80801,91495,103928,117786,129754,153472,166608,189567,220088,273285,340955,431156,506194,592180,707197,793965,907018,1006967,1060552,1159087,1271438,1308560,1426479,1562091,1673538,1831053,1931945,1972043,2112287,2300652,2626120,2767983,2949151,(NA)
 "48000","Texas",6,SAINC6S,734,"65","     Real estate","Thousands of dollars",57287,67024,67981,73662,80547,86529,95338,105433,119734,134037,170144,212796,241754,286461,350863,435932,474659,438661,497752,606174,801751,982495,1203408,1415184,1538644,1896062,2431269,2702661,2613026,2476214,2542798,2540304,2715536,2866490,2915276,2952646,3091419,3150688,3398444,3798888,4344628,4734356,5152057,(NA)
 "48000","Texas",6,SAINC6S,735,"...","     Combined real estate, insurance, etc. 5/","Thousands of dollars",6537,7209,6718,6453,6836,6442,6041,5810,4853,4492,4800,5231,5530,5900,6155,6364,7205,7571,8385,8788,8996,7601,8002,8095,6738,7222,10264,7865,7956,8659,(NA),(NA),(NA),(NA),(NA),(NA),(NA),(NA),(NA),(NA),(NA),(NA),(NA),(NA)
 "48000","Texas",6,SAINC6S,736,"67","     Holding and other investment offices","Thousands of dollars",4933,5151,5808,8393,12609,12067,14367,13531,16215,22298,21338,24081,26662,30959,39118,57806,77263,96143,122000,191406,265867,304430,425611,576298,629028,667732,696021,684062,739754,817762,913960,946931,971110,1019969,1157220,1137788,1217681,1252976,1456063,1507418,1830006,1825879,2252764,(NA)
 "48000","Texas",6,SAINC6S,800,"I","   Services","Thousands of dollars",1104431,1193605,1298457,1354961,1457372,1567161,1698465,1874301,2065100,2420521,2754659,3221855,3543608,3849691,4327126,4947903,5682584,6574931,7592901,8669875,10462596,12217573,14446244,17383167,20074161,22020685,25023888,27322102,28648941,31242172,34389832,38124843,43218762,46584774,50784531,54489582,57830801,63228088,69390816,78419302,87541945,94588483,105214053,111355027
 "48000","Texas",6,SAINC6S,805,"70","    Hotels and other lodging places","Thousands of dollars",57921,63868,67070,68108,71838,79096,86801,101410,114145,131921,147992,168795,185385,194187,211822,243614,277784,303428,347014,377481,454588,524464,605890,758763,854994,952291,1066031,1114946,1169986,1147768,1194943,1253317,1369454,1406991,1428082,1437543,1460432,1543175,1653095,1804043,2000803,2181668,2305630,(NA)
 "48000","Texas",6,SAINC6S,810,"72","    Personal services","Thousands of dollars",144880,154572,159609,164957,172239,178534,192249,201889,221781,237635,257916,279112,287709,288613,303532,328474,350330,384978,432100,485657,564634,626841,708433,806325,879944,979528,1088753,1131716,1156421,1186505,1153550,1197945,1311189,1384929,1473100,1554096,1580933,1676107,1775590,1929354,2133279,2272194,2434948,(NA)
 "48000","Texas",6,SAINC6S,815,"88","    Private households","Thousands of dollars",227777,231599,246826,244598,251269,254882,263264,269878,276255,292078,310748,321329,331878,341784,352929,372377,359287,367189,433407,480044,534235,526000,504014,509034,516604,519791,602895,607355,640153,638959,689590,741231,779212,760518,844024,893395,926304,992600,1004876,1010125,1173049,1068618,1141492,(NA)
 "48000","Texas",6,SAINC6S,820,"73","    Business services","Thousands of dollars",80095,91860,102232,112984,128985,142452,163982,192103,224450,271580,332929,410755,483546,514008,603205,701207,858855,1039875,1265639,1498095,2012372,2427000,2941031,3747788,4239742,4651615,5469516,6283146,6424043,7042774,6143981,7200754,8517827,8923627,9946586,10851802,11884050,13894394,16190036,19589058,22820534,25299698,30122283,(NA)
 "48000","Texas",6,SAINC6S,825,"75","    Automotive repair, services, and parking","Thousands of dollars",46160,53217,57058,59981,64797,68189,76040,80536,87586,98123,110275,126507,139788,148638,161524,192742,214725,248890,295605,336097,422483,506205,565057,664353,753283,778314,903133,993769,1005001,1048756,1088404,1174465,1299615,1345212,1445991,1539824,1652928,1808428,1935402,2093932,2346982,2572257,2794246,(NA)
 "48000","Texas",6,SAINC6S,830,"76","    Miscellaneous repair services","Thousands of dollars",34609,37439,41251,43477,45876,46577,52530,60879,69444,75627,84516,100918,107773,112357,116128,137713,155626,191710,223908,236724,307425,346941,387219,472867,488969,407717,464533,485146,446461,461336,503736,576510,665680,689653,739645,796594,770473,867308,966098,1112086,1236283,1263243,1416376,(NA)
 "48000","Texas",6,SAINC6S,835,"79","    Amusement and recreation services","Thousands of dollars",31270,34514,40853,43536,46908,48313,51019,54404,60295,65740,75997,84868,93420,103797,118836,137067,158985,180688,205593,231654,273527,314711,361014,412788,484705,537069,606665,655468,670609,698615,862728,935656,1028197,1136070,1275322,1445238,1486787,1655284,1775826,1923066,2062081,2293409,2455389,(NA)
 "48000","Texas",6,SAINC6S,840,"78","    Motion pictures","Thousands of dollars",22000,21853,20999,20547,20604,20926,21670,23316,26029,28030,29230,33658,36748,35965,38578,40947,42643,45980,51698,56299,72918,85845,102509,113272,117831,122140,125040,136990,143449,150461,233981,256522,301701,336963,370737,421305,495292,559042,593407,672113,782507,789833,801460,(NA)
 "48000","Texas",6,SAINC6S,845,"80","    Health services","Thousands of dollars",160115,178514,196070,206117,224873,257435,283822,324164,375104,441744,531796,652711,753411,880688,1087867,1260251,1513056,1863960,2176692,2533327,2963596,3465884,4263847,5114819,6129302,6877077,7455927,7943329,8509572,9746329,10810065,11924555,13527874,15039235,16249520,17611353,18698516,19934993,21452509,23263806,24559178,25721322,27275746,(NA)
 "48000","Texas",6,SAINC6S,850,"81","    Legal services","Thousands of dollars",22638,25082,28146,30668,32762,36128,39613,43743,48054,51619,56582,68585,79624,94717,114952,145391,176296,211423,251391,310265,366118,449319,561359,715127,912231,1143034,1364554,1635868,1886336,2288851,2796543,3036889,3379324,3589796,3828963,3916870,3981639,4022016,4128932,4384052,4830728,5109729,5564429,(NA)
 "48000","Texas",6,SAINC6S,855,"82","    Educational services","Thousands of dollars",56880,63056,66909,71939,78479,88415,99013,116764,140741,163969,200046,239487,279033,315633,330658,365008,385085,318231,322171,333443,366664,411583,462386,530203,628562,719248,810275,905408,996349,1140427,1213736,1319920,1405637,1487027,1584608,1686097,1809202,1951919,2085322,2264632,2523840,2984308,3232791,(NA)
 "48000","Texas",6,SAINC6S,860,"83","    Social services 6/","Thousands of dollars",(NA),(NA),(NA),(NA),(NA),(NA),(NA),(NA),(NA),(NA),(NA),(NA),(NA),(NA),(NA),(NA),(NA),217269,263426,289197,348311,389930,420497,451939,475028,544356,631893,714739,738832,807479,849215,949715,1099973,1251151,1368244,1462829,1586673,1702053,1786702,2020523,2279963,2565602,2776215,(NA)
 "48000","Texas",6,SAINC6S,865,"84","    Museums, botanical, zoological gardens","Thousands of dollars",2956,2795,2753,2817,2712,3138,3618,3615,3905,4155,4177,4443,4660,6442,4979,4953,5743,6774,7465,8506,9757,11070,13550,16624,20341,23475,28019,31507,36825,38640,44707,49152,53203,58395,63564,68585,81459,85193,96828,110738,124528,139492,153425,(NA)
 "48000","Texas",6,SAINC6S,870,"86","    Membership organizations","Thousands of dollars",144015,161488,178729,194486,213243,229178,241637,261123,217299,302870,322759,366987,375242,411731,433450,484279,529062,468082,499748,556768,611040,687351,783140,887081,1008457,1116267,1233635,1342553,1499245,1580008,1715924,1826650,1984264,2140969,2201847,2395306,2614314,2861243,3026826,3307912,3769657,4127869,4463198,(NA)
 "48000","Texas",6,SAINC6S,875,"87","    Engineering and management services 7/","Thousands of dollars",(NA),(NA),(NA),(NA),(NA),(NA),(NA),(NA),(NA),(NA),(NA),(NA),(NA),(NA),(NA),(NA),(NA),(NA),(NA),(NA),(NA),(NA),(NA),(NA),(NA),(NA),(NA),(NA),(NA),(NA),5034476,5620526,6428617,6943785,7865350,8301364,8682616,9530051,10763864,12733268,14631812,15930274,17998259,(NA)
 "48000","Texas",6,SAINC6S,880,"89","    Miscellaneous services","Thousands of dollars",73115,73748,89952,90746,102787,113898,123207,140477,200012,255430,289696,363700,385391,401131,448666,533880,655107,726454,817044,936318,1154928,1444429,1766298,2182184,2564168,2648763,3173019,3340162,3325659,3265264,54253,61036,66995,90453,98948,107381,119183,144282,155503,200594,266721,268967,278166,(NA)
 "48000","Texas",6,SAINC6S,900,"...","  Government and government enterprises","Thousands of dollars",2705411,2799070,2957793,3136710,3337882,3520971,3741420,3993464,4584992,5129273,5671336,6268549,6982252,7807657,8570123,9412470,10237878,11344130,12587977,13574763,14773507,16207172,18028017,20481919,22789344,24808356,26758125,29456570,30673580,32007671,34171093,36805309,39510028,41790050,45412788,47674691,49880690,52088633,53813229,56278601,59158846,62802936,67500532,72349392
 "48000","Texas",6,SAINC6S,910,"...","   Federal civilian","Thousands of dollars",720858,734886,769238,811555,874735,936294,1004992,1016240,1169733,1339397,1481011,1624426,1867671,2097498,2270713,2440173,2648174,2901896,3143005,3394800,3653310,3942123,4306264,4710891,4993876,5265258,5811769,6380357,6451734,6553148,7256160,7737687,8161609,8495317,8936103,9051013,9312463,9367888,9417874,9715869,10136385,10298038,11078732,11019956
 "48000","Texas",6,SAINC6S,920,"...","   Military","Thousands of dollars",949391,947739,976306,997739,1027916,1036492,1058733,1137348,1381996,1439914,1512125,1653034,1727022,1892229,2042261,2160792,2215045,2257578,2346761,2354611,2450614,2539683,2829089,3266555,3589487,3722973,3895374,4128631,4346382,4504035,4630375,4708695,4721799,4631058,5090581,5006227,5097155,5202359,5082336,5153148,5215959,5429501,5741797,6168414
 "48000","Texas",6,SAINC6S,930,"...","   State and local","Thousands of dollars",1035162,1116445,1212249,1327416,1435231,1548185,1677695,1839876,2033263,2349962,2678200,2991089,3387559,3817930,4257149,4811505,5374659,6184656,7098211,7825352,8669583,9725366,10892664,12504473,14205981,15820125,17050982,18947582,19875464,20950488,22284558,24358927,26626620,28663675,31386104,33617451,35471072,37518386,39313019,41409584,43806502,47075397,50680003,55161022
 "48000","Texas",6,SAINC6S,931,"...","    State government","Thousands of dollars",(NA),(NA),(NA),(NA),(NA),(NA),(NA),(NA),(NA),(NA),(NA),(NA),(NA),(NA),(NA),(NA),(NA),(NA),(NA),(NA),(NA),2624575,2836936,3290019,3714808,4291050,4615589,4896662,4818338,5248119,5625850,6296468,7011463,7530681,8186384,8881355,9251512,9774413,10244945,10779514,11196214,11759477,12535716,13466715
 "48000","Texas",6,SAINC6S,932,"...","    Local government","Thousands of dollars",(NA),(NA),(NA),(NA),(NA),(NA),(NA),(NA),(NA),(NA),(NA),(NA),(NA),(NA),(NA),(NA),(NA),(NA),(NA),(NA),(NA),7100791,8055728,9214454,10491173,11529075,12435393,14050920,15057126,15702369,16658708,18062459,19615157,21132994,23199720,24736096,26219560,27743973,29068074,30630070,32610288,35315920,38144287,41694307
"Note: See the included footnote file."
"SAINC6S: Compensation of Employees by SIC Industry "
"Last updated: March 6, 2019-- revised statistics for 1958-2001."
"Source: U.S. Department of Commerce / Bureau of Economic Analysis / Regional Economic Accounts"
