GeoFIPS,GeoName,Region,TableName,LineCode,IndustryClassification,Description,Unit,1990,1991,1992,1993,1994,1995,1996,1997,1998,1999,2000,2001,2002,2003,2004,2005,2006,2007,2008,2009,2010,2011,2012,2013,2014,2015,2016,2017,2018,2019,2020
 "01000","Alabama",5,SAINC91,10,"...","Inflows of earnings","Thousands of dollars",1231154,1290634,1407718,1497366,1596037,1705558,1742059,1890456,2052583,2178961,2339937,2435833,2511370,2635099,2763119,2932035,3085388,3286723,3426404,3420032,3605930,3866120,4162731,4323346,4414064,4507680,4568722,4678733,4829806,4998992,5020207
 "01000","Alabama",5,SAINC91,20,"...","Outflows of earnings","Thousands of dollars",698881,727825,794139,832420,838188,866232,896820,941939,988014,1047748,1083045,1120710,1137155,1180254,1274393,1377380,1474829,1560856,1592326,1616379,1718424,1832911,1868871,1945602,2046270,2155668,2133910,2289193,2292597,2379348,2549134
 "01000","Alabama",5,SAINC91,30,"...","Adjustment for residence","Thousands of dollars",532273,562809,613579,664946,757849,839326,845239,948517,1064569,1131213,1256892,1315123,1374215,1454845,1488726,1554655,1610559,1725867,1834078,1803653,1887506,2033209,2293860,2377744,2367794,2352012,2434812,2389540,2537209,2619644,2471073
 "02000","Alaska",8,SAINC91,10,"...","Inflows of earnings","Thousands of dollars",0,749,1579,2362,3248,4220,5346,6846,8628,10598,12448,11712,10616,9697,9039,8369,7952,7028,5587,12009,19102,29037,40771,49644,53193,53056,52658,56142,54146,56971,52979
 "02000","Alaska",8,SAINC91,20,"...","Outflows of earnings","Thousands of dollars",624656,669544,706890,728534,744686,749983,774423,783747,830727,837391,890157,874674,802243,709708,616751,520980,427772,314940,178907,190724,198938,223382,246201,255883,272951,276398,247091,237387,245253,253725,244913
 "02000","Alaska",8,SAINC91,30,"...","Adjustment for residence","Thousands of dollars",-624656,-668795,-705311,-726172,-741438,-745763,-769077,-776901,-822099,-826793,-877709,-862962,-791627,-700011,-607712,-512611,-419820,-307912,-173320,-178715,-179836,-194345,-205430,-206239,-219758,-223342,-194433,-181245,-191107,-196754,-191934
 "04000","Arizona",6,SAINC91,10,"...","Inflows of earnings","Thousands of dollars",616565,638373,693577,744603,807018,873548,956683,1052515,1174046,1301515,1448099,1558455,1629675,1755599,1959317,2140780,2257146,2385090,2404542,2322642,2332091,2368011,2482408,2530334,2667820,2820020,2976444,3122621,3345851,3505735,3484763
 "04000","Arizona",6,SAINC91,20,"...","Outflows of earnings","Thousands of dollars",393146,418578,446760,480940,532335,581290,634259,694759,768161,835229,923100,920688,933903,959279,1012842,1082773,1165355,1210224,1190514,1098521,1083123,1119812,1133597,1184887,1213082,1306827,1381723,1447807,1619142,1633972,1941862
 "04000","Arizona",6,SAINC91,30,"...","Adjustment for residence","Thousands of dollars",223419,219795,246817,263663,274683,292258,322424,357756,405885,466286,524999,637767,695772,796320,946475,1058007,1091791,1174866,1214028,1224121,1248968,1248199,1348811,1345447,1454738,1513193,1594721,1674814,1726709,1871763,1542901
 "05000","Arkansas",5,SAINC91,10,"...","Inflows of earnings","Thousands of dollars",593070,615689,672234,692917,732067,788824,841430,909897,965995,1010793,1065947,1105662,1134176,1171368,1246748,1309991,1391077,1466646,1500157,1437725,1490996,1585856,1679779,1676098,1740703,1803415,1821021,1868039,1919613,1985136,2014314
 "05000","Arkansas",5,SAINC91,20,"...","Outflows of earnings","Thousands of dollars",813090,863252,943585,1000522,1066416,1092965,1141916,1215036,1272362,1332522,1425439,1479961,1507002,1522664,1565832,1598109,1639529,1648151,1639236,1557793,1620272,1698143,1835551,1891348,1965534,2061535,2029818,2186036,2284885,2356924,2377193
 "05000","Arkansas",5,SAINC91,30,"...","Adjustment for residence","Thousands of dollars",-220020,-247563,-271351,-307605,-334349,-304141,-300486,-305139,-306367,-321729,-359492,-374299,-372826,-351296,-319084,-288118,-248452,-181505,-139079,-120068,-129276,-112287,-155772,-215250,-224831,-258120,-208797,-317997,-365272,-371788,-362879
 "06000","California",8,SAINC91,10,"...","Inflows of earnings","Thousands of dollars",1538121,1613158,1724127,1807355,1909205,2019797,2149926,2306933,2524836,2768053,3031352,3073264,3008131,3009119,3083330,3153809,3238446,3299943,3203760,3099076,3212056,3484846,3759623,3947460,4166016,4381644,4505627,4727055,5010605,5256228,5248006
 "06000","California",8,SAINC91,20,"...","Outflows of earnings","Thousands of dollars",1584889,1651040,1767001,1782482,1873222,1995179,2136260,2375182,2598796,2847386,3285414,3387306,3436508,3602660,3871071,4130842,4470254,4803773,4957620,4613433,4664592,4884422,5066016,5107656,5415705,5838636,6129384,6572259,6906041,7323547,7459724
 "06000","California",8,SAINC91,30,"...","Adjustment for residence","Thousands of dollars",-46768,-37882,-42874,24873,35983,24618,13666,-68249,-73960,-79333,-254062,-314042,-428377,-593541,-787741,-977033,-1231808,-1503830,-1753860,-1514357,-1452536,-1399576,-1306393,-1160196,-1249689,-1456992,-1623757,-1845204,-1895436,-2067319,-2211718
 "08000","Colorado",7,SAINC91,10,"...","Inflows of earnings","Thousands of dollars",290345,313457,346459,375323,408592,443990,482626,533108,596201,659977,742690,762218,761341,775258,814686,854172,921629,972804,994830,1000409,1097531,1278601,1504453,1675885,1766328,1781967,1764684,1911708,1980697,2050849,2046869
 "08000","Colorado",7,SAINC91,20,"...","Outflows of earnings","Thousands of dollars",204709,216653,234420,251281,266654,280908,300921,327964,365178,399292,454550,453442,422110,411814,416435,424921,445779,467799,471893,437188,434426,451687,477364,492834,534406,550205,560875,592176,635138,664749,668505
 "08000","Colorado",7,SAINC91,30,"...","Adjustment for residence","Thousands of dollars",85636,96804,112039,124042,141938,163082,181705,205144,231023,260685,288140,308776,339231,363444,398251,429251,475850,505005,522937,563221,663105,826914,1027089,1183051,1231922,1231762,1203809,1319532,1345559,1386100,1378364
 "09000","Connecticut",1,SAINC91,10,"...","Inflows of earnings","Thousands of dollars",5370559,5483238,6947512,6587012,6562261,7643944,8731622,8847223,10814836,11245543,12144273,12438570,12346603,12613300,14058040,15260486,16838519,18965515,20048519,16861169,19335042,20474031,22551417,21867210,22589881,23258596,22670018,25143632,26999521,29356822,28738450
 "09000","Connecticut",1,SAINC91,20,"...","Outflows of earnings","Thousands of dollars",2625575,2773977,3008975,3241534,3460184,3817266,4195120,4775242,5333073,5883781,6618184,6875604,6618470,6782892,7215174,7608506,8024940,8629224,8581894,8002404,8482889,9109809,9357690,9359115,9638240,9983245,10013557,10044569,10150737,10256578,10223302
 "09000","Connecticut",1,SAINC91,30,"...","Adjustment for residence","Thousands of dollars",2744984,2709261,3938537,3345478,3102077,3826678,4536502,4071981,5481763,5361762,5526089,5562966,5728133,5830408,6842866,7651980,8813579,10336291,11466625,8858765,10852153,11364222,13193727,12508095,12951641,13275351,12656461,15099063,16848784,19100244,18515148
 "10000","Delaware",2,SAINC91,10,"...","Inflows of earnings","Thousands of dollars",983326,1098117,1176111,1340759,1454163,1530248,1584704,1585966,1815456,1899521,2161913,2331765,2442556,2618309,2833404,3041494,3279928,3569221,3721221,3726623,3842629,4132257,4341666,4436639,4579993,4767553,4992917,5186186,5396985,5551077,5677926
 "10000","Delaware",2,SAINC91,20,"...","Outflows of earnings","Thousands of dollars",1671352,1779551,1900689,2021307,2176102,2378121,2633298,2931441,3271316,3595509,3951900,4141061,4203256,4418725,4773577,5130177,5600700,5735394,5937489,5267711,5576898,6286424,6506944,6537228,7049376,7209768,7131167,7699321,7959497,8086550,7909838
 "10000","Delaware",2,SAINC91,30,"...","Adjustment for residence","Thousands of dollars",-688026,-681434,-724578,-680548,-721939,-847873,-1048594,-1345475,-1455860,-1695988,-1789987,-1809296,-1760700,-1800416,-1940173,-2088683,-2320772,-2166173,-2216268,-1541088,-1734269,-2154167,-2165278,-2100589,-2469383,-2442215,-2138250,-2513135,-2562512,-2535473,-2231912
 "11000","District of Columbia",2,SAINC91,10,"...","Inflows of earnings","Thousands of dollars",2083068,2204540,2351407,2470385,2618703,2765895,3009928,3194315,3467840,3853186,4638938,4896591,4968983,5152774,5487824,5745205,5939383,6183342,6282215,6486268,6772888,7170347,7460301,7389315,7590290,7918177,8124345,8964675,10019213,10522049,11036798
 "11000","District of Columbia",2,SAINC91,20,"...","Outflows of earnings","Thousands of dollars",20066364,21122540,22443474,23119766,23639835,23828996,24066634,24876503,26258892,28727297,30124605,32121387,34455145,36761333,39591186,41921156,43253950,45368896,47154663,47581638,50083716,52737000,52804152,52315613,53863527,55250766,57457809,59644362,62742087,64456511,65679215
 "11000","District of Columbia",2,SAINC91,30,"...","Adjustment for residence","Thousands of dollars",-17983296,-18918000,-20092067,-20649381,-21021132,-21063101,-21056706,-21682188,-22791052,-24874111,-25485667,-27224796,-29486162,-31608559,-34103362,-36175951,-37314567,-39185554,-40872448,-41095370,-43310828,-45566653,-45343851,-44926298,-46273237,-47332589,-49333464,-50679687,-52722874,-53934462,-54642417
 "12000","Florida",5,SAINC91,10,"...","Inflows of earnings","Thousands of dollars",1320039,1376890,1478602,1550623,1640397,1736708,1852901,1999439,2190262,2370898,2603875,2766945,2874444,3044458,3282044,3559685,3873648,4237094,4443369,4201551,4314768,4564802,4719413,4773170,4985795,5212360,5333882,5529534,5705912,5896000,5899623
 "12000","Florida",5,SAINC91,20,"...","Outflows of earnings","Thousands of dollars",687250,699847,735213,757214,786348,815221,858565,904748,969086,1017804,1087620,1148541,1198436,1271838,1364409,1479992,1575841,1640457,1656968,1557779,1588410,1633254,1702438,1721403,1774958,1868895,1959008,2072429,2187632,2314049,2332452
 "12000","Florida",5,SAINC91,30,"...","Adjustment for residence","Thousands of dollars",632789,677043,743389,793409,854049,921487,994336,1094691,1221176,1353094,1516255,1618404,1676008,1772620,1917635,2079693,2297807,2596637,2786401,2643772,2726358,2931548,3016975,3051767,3210837,3343465,3374874,3457105,3518280,3581951,3567171
 "13000","Georgia",5,SAINC91,10,"...","Inflows of earnings","Thousands of dollars",1699498,1765333,1935048,2057878,2148346,2226428,2347420,2483790,2633620,2880792,3088694,3201395,3291371,3475852,3704800,3974026,4227130,4521680,4637868,4407776,4587971,4822576,5028958,5122734,5324721,5640282,5721738,6094989,6290686,6535449,6710924
 "13000","Georgia",5,SAINC91,20,"...","Outflows of earnings","Thousands of dollars",1812122,1896962,2113210,2239492,2385237,2566757,2722120,2931867,3218863,3480661,3821098,3978111,4112340,4315826,4503443,4755547,5013524,5298670,5334548,5332662,5536016,6005647,6368003,6636879,6932843,7268769,7554372,7796475,7906986,8014856,8264467
 "13000","Georgia",5,SAINC91,30,"...","Adjustment for residence","Thousands of dollars",-112624,-131629,-178162,-181614,-236891,-340329,-374700,-448077,-585243,-599869,-732404,-776716,-820969,-839974,-798643,-781521,-786394,-776990,-696680,-924886,-948045,-1183071,-1339045,-1514145,-1608122,-1628487,-1832634,-1701486,-1616300,-1479407,-1553543
 "15000","Hawaii",8,SAINC91,10,"...","Inflows of earnings","Thousands of dollars",0,0,0,0,0,0,0,0,0,0,0,0,0,0,0,0,0,0,0,0,0,0,0,0,0,0,0,0,0,0,0
 "15000","Hawaii",8,SAINC91,20,"...","Outflows of earnings","Thousands of dollars",0,0,0,0,0,0,0,0,0,0,0,0,0,0,0,0,0,0,0,0,0,0,0,0,0,0,0,0,0,0,0
 "15000","Hawaii",8,SAINC91,30,"...","Adjustment for residence","Thousands of dollars",0,0,0,0,0,0,0,0,0,0,0,0,0,0,0,0,0,0,0,0,0,0,0,0,0,0,0,0,0,0,0
 "16000","Idaho",7,SAINC91,10,"...","Inflows of earnings","Thousands of dollars",350747,391294,436675,479958,532314,574417,635182,703230,786579,876435,984056,990781,994107,1027147,1077643,1107249,1162672,1236266,1280503,1330761,1421400,1585753,1752032,1845104,1944278,1981270,2065192,2197762,2283918,2371011,2414262
 "16000","Idaho",7,SAINC91,20,"...","Outflows of earnings","Thousands of dollars",193638,213093,240865,262874,286436,289133,304682,325775,340839,366159,459808,474616,493491,515664,557856,594201,673808,725813,718706,675758,697239,715776,653784,714194,711050,759209,780567,860054,899629,918786,926172
 "16000","Idaho",7,SAINC91,30,"...","Adjustment for residence","Thousands of dollars",157109,178201,195810,217084,245878,285284,330500,377455,445740,510276,524248,516165,500616,511483,519787,513048,488864,510453,561797,655003,724161,869977,1098248,1130910,1233228,1222061,1284625,1337708,1384289,1452225,1488090
 "17000","Illinois",3,SAINC91,10,"...","Inflows of earnings","Thousands of dollars",4129226,4364953,4729959,4894199,5257487,5562180,5931463,6423047,7016961,7508532,8122496,8352531,8505123,8804951,9261612,9732817,10372592,10657475,11334653,10511986,10859763,11608537,12372551,12699236,13095327,13647635,13844795,14351603,15112054,15662780,15481132
 "17000","Illinois",3,SAINC91,20,"...","Outflows of earnings","Thousands of dollars",4401029,4687125,5139415,5485510,5942438,6490588,6866366,7375304,8051021,8654759,9502039,9914077,10173895,10398188,10893185,11502808,12205419,12964545,13105811,12604771,12999301,14178673,14784562,15376722,15438732,16225337,16543537,17509823,18116727,18691136,19462316
 "17000","Illinois",3,SAINC91,30,"...","Adjustment for residence","Thousands of dollars",-271803,-322172,-409456,-591311,-684951,-928408,-934903,-952257,-1034060,-1146227,-1379543,-1561546,-1668772,-1593237,-1631573,-1769991,-1832827,-2307070,-1771158,-2092785,-2139538,-2570136,-2412011,-2677486,-2343405,-2577702,-2698742,-3158220,-3004673,-3028356,-3981184
 "18000","Indiana",3,SAINC91,10,"...","Inflows of earnings","Thousands of dollars",3448706,3608452,3970717,4238776,4583275,4954533,5231748,5610680,6031924,6527175,7092403,7400587,7588439,7858367,8325525,8778449,9184487,9703035,9715910,9240103,9294942,9836961,10151862,10588496,10788897,11504656,11954490,12626445,13217675,13864488,14388370
 "18000","Indiana",3,SAINC91,20,"...","Outflows of earnings","Thousands of dollars",1961306,2113534,2324311,2372828,2586645,2676395,2814151,3063926,3457756,3701024,3977929,4040658,4157053,4343143,4524435,4673421,4862398,5007506,5029933,4639466,4830293,5114575,5422909,5357822,5610716,5744265,6067074,6335503,6670114,6740151,6689192
 "18000","Indiana",3,SAINC91,30,"...","Adjustment for residence","Thousands of dollars",1487400,1494918,1646406,1865948,1996630,2278138,2417597,2546754,2574168,2826151,3114474,3359929,3431386,3515224,3801090,4105028,4322089,4695529,4685977,4600637,4464649,4722386,4728953,5230674,5178181,5760391,5887416,6290942,6547561,7124337,7699178
 "19000","Iowa",4,SAINC91,10,"...","Inflows of earnings","Thousands of dollars",1310597,1408045,1535636,1583458,1717923,1875755,2041554,2223795,2428531,2569524,2777676,2853131,2921643,3021919,3172618,3249904,3356652,3682804,3841778,3757919,3888793,4156375,4356556,4447998,4570016,4687875,4750813,5055258,5224309,5408277,5673216
 "19000","Iowa",4,SAINC91,20,"...","Outflows of earnings","Thousands of dollars",991290,1034633,1124426,1182360,1295107,1391840,1512417,1619958,1733882,1773890,1896965,1948263,1978962,2049957,2183811,2343398,2515724,2603851,2692553,2608340,2701446,2850381,3127105,3237522,3522311,3686427,3702039,3688837,3866794,3979063,4004760
 "19000","Iowa",4,SAINC91,30,"...","Adjustment for residence","Thousands of dollars",319307,373412,411210,401098,422816,483915,529137,603837,694649,795634,880711,904868,942681,971962,988807,906506,840928,1078953,1149225,1149579,1187347,1305994,1229451,1210476,1047705,1001448,1048774,1366421,1357515,1429214,1668456
 "20000","Kansas",4,SAINC91,10,"...","Inflows of earnings","Thousands of dollars",3013041,3099462,3355887,3570904,3705673,3953141,4121228,4348717,4616277,4914699,5324747,5465936,5629627,5758965,6000875,6374037,6835595,7142417,7488963,7388990,7519734,7428594,8092795,7972921,8184835,8571268,8726338,9249508,9634506,10081644,9952636
 "20000","Kansas",4,SAINC91,20,"...","Outflows of earnings","Thousands of dollars",2045247,2152725,2329168,2455501,2639966,2795703,2974241,3304454,3551802,3896413,4203477,4332723,4432060,4589874,4882512,5113951,5467503,5888870,6075512,5694828,5845544,6189998,6452771,6606158,6997028,7415166,7451323,7705879,8049278,8397283,8557781
 "20000","Kansas",4,SAINC91,30,"...","Adjustment for residence","Thousands of dollars",967794,946737,1026719,1115403,1065707,1157438,1146987,1044263,1064475,1018286,1121270,1133213,1197567,1169091,1118363,1260086,1368092,1253547,1413451,1694162,1674190,1238596,1640024,1366763,1187807,1156102,1275015,1543629,1585228,1684361,1394855
 "21000","Kentucky",5,SAINC91,10,"...","Inflows of earnings","Thousands of dollars",2570633,2715834,2910757,3035456,3223753,3378465,3589719,3837360,4154713,4453221,4762850,4936321,5095291,5271653,5509809,5732830,6038941,6276324,6461842,6186362,6330270,6692271,7003772,7025255,7317096,7472666,7675572,7971050,8276012,8584359,8555005
 "21000","Kentucky",5,SAINC91,20,"...","Outflows of earnings","Thousands of dollars",2602320,2753786,3165628,3280689,3551830,3708645,3903726,4152368,4342233,4725016,5057450,5379786,5605052,6007534,6437298,7045647,7398769,7778138,8254701,8041407,8470960,9036386,9401007,9066252,9291135,9526045,9685245,10113060,10699725,11061217,11357360
 "21000","Kentucky",5,SAINC91,30,"...","Adjustment for residence","Thousands of dollars",-31687,-37952,-254871,-245233,-328077,-330180,-314007,-315008,-187520,-271795,-294600,-443465,-509761,-735881,-927489,-1312817,-1359828,-1501814,-1792859,-1855045,-2140690,-2344115,-2397235,-2040997,-1974039,-2053379,-2009673,-2142010,-2423713,-2476858,-2802355
 "22000","Louisiana",5,SAINC91,10,"...","Inflows of earnings","Thousands of dollars",562904,589768,621374,641695,674885,693841,715340,773133,829322,880079,925687,971717,1001243,1023020,1073060,1164372,1298671,1435206,1574941,1551212,1614782,1795886,1988057,2066725,2206691,2215929,2087359,2095953,2223999,2333333,2225129
 "22000","Louisiana",5,SAINC91,20,"...","Outflows of earnings","Thousands of dollars",673711,716260,745838,770346,823042,870262,919225,991590,1065603,1096792,1155673,1243759,1299958,1371663,1455641,1525496,1722858,1887189,2071606,2035170,2128616,2210022,2336258,2477345,2768110,2795326,2821616,3048305,3121286,3039282,2777957
 "22000","Louisiana",5,SAINC91,30,"...","Adjustment for residence","Thousands of dollars",-110807,-126492,-124464,-128651,-148157,-176421,-203885,-218457,-236281,-216713,-229986,-272042,-298715,-348643,-382581,-361124,-424187,-451983,-496665,-483958,-513834,-414136,-348201,-410620,-561419,-579397,-734257,-952352,-897287,-705949,-552828
 "23000","Maine",1,SAINC91,10,"...","Inflows of earnings","Thousands of dollars",406130,410007,448353,482099,528964,587403,637634,716535,794684,874995,1007624,1010892,997081,1006428,1069164,1102194,1167511,1199052,1200749,1182392,1241829,1341178,1399926,1452154,1536485,1626268,1681253,1729254,1806027,1902967,1935335
 "23000","Maine",1,SAINC91,20,"...","Outflows of earnings","Thousands of dollars",335304,321826,316334,290833,278110,269585,266413,271746,276003,290607,306465,298471,320380,349855,386869,412962,445032,476138,495033,494628,512390,544930,568067,581813,608400,640818,678569,710513,737798,778150,798572
 "23000","Maine",1,SAINC91,30,"...","Adjustment for residence","Thousands of dollars",70826,88181,132019,191266,250854,317818,371221,444789,518681,584388,701159,712421,676701,656573,682295,689232,722479,722914,705716,687764,729439,796248,831859,870341,928085,985450,1002684,1018741,1068229,1124817,1136763
 "24000","Maryland",2,SAINC91,10,"...","Inflows of earnings","Thousands of dollars",16462974,17202308,18385788,18956768,19594343,20026983,20725772,21842124,23273264,25676785,27988508,29506069,30758594,32566555,34791086,36788871,37464213,39035403,39884448,39820170,41355370,42855640,43085107,42509833,43351635,44447895,45895058,47791727,50322811,52088668,53036570
 "24000","Maryland",2,SAINC91,20,"...","Outflows of earnings","Thousands of dollars",4348167,4542537,4967132,5318061,5558856,6024226,6350023,7534549,7604962,8929943,8998442,9638558,10525923,11468409,12245283,13181477,14515123,15420792,16807884,16587923,17723995,19577288,20144112,19606854,21263518,22030983,23406237,24721529,25696378,25557875,26304732
 "24000","Maryland",2,SAINC91,30,"...","Adjustment for residence","Thousands of dollars",12114807,12659771,13418656,13638707,14035487,14002757,14375749,14307575,15668302,16746842,18990066,19867511,20232671,21098146,22545803,23607394,22949090,23614611,23076564,23232247,23631375,23278352,22940995,22902979,22088117,22416912,22488821,23070198,24626433,26530793,26731838
 "25000","Massachusetts",1,SAINC91,10,"...","Inflows of earnings","Thousands of dollars",2774609,2766724,2946619,3068892,3217624,3434433,3643550,3960966,4447166,4743382,5214991,5479058,5612438,5883703,6301999,6660767,7109902,7540752,7775216,7548479,7953336,8525868,8937274,9212666,9687848,10105134,10292509,10693984,11021744,11317516,11530153
 "25000","Massachusetts",1,SAINC91,20,"...","Outflows of earnings","Thousands of dollars",4848453,5004045,5292148,5630306,5981966,6260881,6737432,7362966,8048995,8928735,10264895,10675881,10700672,10974677,11890403,12087152,12807046,13651384,13852898,13020856,13949825,15174814,16317404,16554158,16627984,17856162,18598940,19541800,20700654,22214449,22220648
 "25000","Massachusetts",1,SAINC91,30,"...","Adjustment for residence","Thousands of dollars",-2073844,-2237321,-2345529,-2561414,-2764342,-2826448,-3093882,-3402000,-3601829,-4185353,-5049904,-5196823,-5088234,-5090974,-5588404,-5426385,-5697144,-6110632,-6077682,-5472377,-5996489,-6648946,-7380130,-7341492,-6940136,-7751028,-8306431,-8847816,-9678910,-10896933,-10690495
 "26000","Michigan",3,SAINC91,10,"...","Inflows of earnings","Thousands of dollars",1321747,1376057,1525812,1654033,1856333,1967184,2075458,2261921,2448939,2647068,2836541,2847110,2910588,3001951,3147978,3248644,3378732,3458208,3402587,3144245,3302554,3612049,3925561,4115020,4361949,4549791,4763866,4922397,5249944,5288825,5113656
 "26000","Michigan",3,SAINC91,20,"...","Outflows of earnings","Thousands of dollars",863726,888447,973653,1026420,1102761,1170369,1252955,1352700,1456089,1566584,1738481,1658470,1693715,1729722,1779430,1803948,1748069,1781411,1720513,1627300,1723253,1884626,2014204,2196360,2287039,2419496,2499281,2602936,2719747,2769561,2643105
 "26000","Michigan",3,SAINC91,30,"...","Adjustment for residence","Thousands of dollars",458021,487610,552159,627613,753572,796815,822503,909221,992850,1080484,1098060,1188640,1216873,1272229,1368548,1444696,1630663,1676797,1682074,1516945,1579301,1727423,1911357,1918660,2074910,2130295,2264585,2319461,2530197,2519264,2470551
 "27000","Minnesota",4,SAINC91,10,"...","Inflows of earnings","Thousands of dollars",728059,804597,911091,991009,1074777,1145029,1237733,1333680,1481878,1590063,1751769,1838634,1891526,1972458,2085910,2186809,2331687,2494992,2602234,2601933,2738626,3000226,3293753,3464220,3674179,3790527,3789428,3891595,4085526,4240994,4252426
 "27000","Minnesota",4,SAINC91,20,"...","Outflows of earnings","Thousands of dollars",1199175,1280058,1420374,1506359,1636055,1755085,1922729,2100666,2329093,2541262,2788528,2922528,3003445,3152424,3344137,3507314,3607523,3888047,4023935,3749992,3844622,4143193,4221677,4354093,4594730,4814352,4986735,5226716,5408030,5593070,5538261
 "27000","Minnesota",4,SAINC91,30,"...","Adjustment for residence","Thousands of dollars",-471116,-475461,-509283,-515350,-561278,-610056,-684996,-766986,-847215,-951199,-1036759,-1083894,-1111919,-1179966,-1258227,-1320505,-1275836,-1393055,-1421701,-1148059,-1105996,-1142967,-927924,-889873,-920551,-1023825,-1197307,-1335121,-1322504,-1352076,-1285835
 "28000","Mississippi",5,SAINC91,10,"...","Inflows of earnings","Thousands of dollars",1373998,1466103,1579815,1667514,1811311,1946286,2073648,2253571,2473709,2633219,2800261,2962335,3086552,3243580,3461957,3662715,3970774,4265119,4510985,4380739,4467506,4689821,4984551,5053696,5207954,5352742,5430793,5583821,5884340,6004549,6072579
 "28000","Mississippi",5,SAINC91,20,"...","Outflows of earnings","Thousands of dollars",624987,662058,756950,828054,973793,1026241,1112088,1141554,1285995,1346693,1322444,1421644,1503153,1576719,1684334,1767267,1858096,1996768,2101756,2014858,2040009,2040965,2134461,2063970,2159367,2175364,2213209,2271640,2376463,2450591,2536340
 "28000","Mississippi",5,SAINC91,30,"...","Adjustment for residence","Thousands of dollars",749011,804045,822865,839460,837518,920045,961560,1112017,1187714,1286526,1477817,1540691,1583399,1666861,1777623,1895448,2112678,2268351,2409229,2365881,2427497,2648856,2850090,2989726,3048587,3177378,3217584,3312181,3507877,3553958,3536239
 "29000","Missouri",4,SAINC91,10,"...","Inflows of earnings","Thousands of dollars",2721990,2906198,3193472,3421040,3711849,3914130,4148907,4469454,4803705,5222918,5659135,5856527,6001960,6188160,6517453,6795365,7196102,7642392,7887303,7497219,7875210,8549360,8922422,9040114,9372121,9851127,9896619,10273885,10648162,11042381,11434958
 "29000","Missouri",4,SAINC91,20,"...","Outflows of earnings","Thousands of dollars",5321972,5498070,5909291,6254874,6572004,7024286,7358535,7857706,8354415,8902892,9622901,9875964,10133007,10369931,10799210,11367745,12169571,12479968,13312963,12616405,12802572,12886539,13800488,13763228,14160538,14797467,15008038,15755705,16509918,17254298,17021050
 "29000","Missouri",4,SAINC91,30,"...","Adjustment for residence","Thousands of dollars",-2599982,-2591872,-2715819,-2833834,-2860155,-3110156,-3209628,-3388252,-3550710,-3679974,-3963766,-4019437,-4131047,-4181771,-4281757,-4572380,-4973469,-4837576,-5425660,-5119186,-4927362,-4337179,-4878066,-4723114,-4788417,-4946340,-5111419,-5481820,-5861756,-6211917,-5586092
 "30000","Montana",7,SAINC91,10,"...","Inflows of earnings","Thousands of dollars",35455,37544,39877,42420,46785,50101,54507,59391,64653,69336,76160,79732,80608,82749,87678,92097,100993,111830,127595,131331,171557,286727,474212,559845,664563,544425,373162,418978,497221,531110,401275
 "30000","Montana",7,SAINC91,20,"...","Outflows of earnings","Thousands of dollars",39815,48968,41916,41670,41548,41607,43100,46282,46836,48011,50168,51872,54309,58752,64333,72280,86370,94895,100438,94254,97266,107009,115856,112811,117065,116400,103774,106849,116173,115840,105994
 "30000","Montana",7,SAINC91,30,"...","Adjustment for residence","Thousands of dollars",-4360,-11424,-2039,750,5237,8494,11407,13109,17817,21325,25992,27860,26299,23997,23345,19817,14623,16935,27157,37077,74291,179718,358356,447034,547498,428025,269388,312129,381048,415270,295281
 "31000","Nebraska",4,SAINC91,10,"...","Inflows of earnings","Thousands of dollars",277790,294036,319923,340143,388729,427811,477271,493611,546546,568867,613585,641735,661487,683988,730934,781810,868880,885108,910695,894647,931475,985932,1107664,1196625,1344468,1372909,1372848,1394824,1516632,1566483,1612677
 "31000","Nebraska",4,SAINC91,20,"...","Outflows of earnings","Thousands of dollars",668857,720939,790840,826674,890719,975417,1076358,1170380,1260882,1368547,1481146,1516481,1563871,1621840,1674951,1722787,1725140,1832438,1890173,1851516,1829669,1949140,2106174,2165520,2280948,2392823,2440019,2564062,2638645,2737149,2796521
 "31000","Nebraska",4,SAINC91,30,"...","Adjustment for residence","Thousands of dollars",-391067,-426903,-470917,-486531,-501990,-547606,-599087,-676769,-714336,-799680,-867561,-874746,-902384,-937852,-944017,-940977,-856260,-947330,-979478,-956869,-898194,-963208,-998510,-968895,-936480,-1019914,-1067171,-1169238,-1122013,-1170666,-1183844
 "32000","Nevada",8,SAINC91,10,"...","Inflows of earnings","Thousands of dollars",186211,224954,300672,310142,349961,404673,452311,544945,594854,644638,758236,810331,841985,897534,979130,1057381,1153497,1239492,1261400,1175704,1201567,1276068,1346243,1426811,1489483,1625141,1707854,1783100,1943436,1977119,2284216
 "32000","Nevada",8,SAINC91,20,"...","Outflows of earnings","Thousands of dollars",562737,570431,605784,653905,703617,753432,820404,872968,944621,1026592,1096396,1164574,1205558,1307293,1473410,1606216,1627420,1639285,1581938,1483405,1453347,1421436,1503016,1563055,1666357,1752759,1911853,1985332,2158472,2214483,2120926
 "32000","Nevada",8,SAINC91,30,"...","Adjustment for residence","Thousands of dollars",-376526,-345477,-305112,-343763,-353656,-348759,-368093,-328023,-349767,-381954,-338160,-354243,-363573,-409759,-494280,-548835,-473923,-399793,-320538,-307701,-251780,-145368,-156773,-136244,-176874,-127618,-203999,-202232,-215036,-237364,163290
 "33000","New Hampshire",1,SAINC91,10,"...","Inflows of earnings","Thousands of dollars",3209997,3333382,3480573,3658254,3845719,3946313,4210374,4591782,4986043,5541830,6380938,6553823,6457191,6569996,7026017,7164771,7516439,8039818,8305308,7700948,8248363,8823841,9299090,9077368,9135049,9918971,10388640,10744009,11371596,12041019,12144138
 "33000","New Hampshire",1,SAINC91,20,"...","Outflows of earnings","Thousands of dollars",1238224,1215188,1303310,1355642,1447098,1555354,1644520,1788951,2082070,2166011,2360220,2490010,2522573,2621138,2797378,2944675,3141099,3292438,3427121,3539461,3480642,3737582,3805824,3875126,4192444,4445025,4534191,4655654,4958390,5158686,5622773
 "33000","New Hampshire",1,SAINC91,30,"...","Adjustment for residence","Thousands of dollars",1971773,2118194,2177263,2302612,2398621,2390959,2565854,2802831,2903973,3375819,4020718,4063813,3934618,3948858,4228639,4220096,4375340,4747380,4878187,4161487,4767721,5086259,5493266,5202242,4942605,5473946,5854449,6088355,6413206,6882333,6521365
 "34000","New Jersey",2,SAINC91,10,"...","Inflows of earnings","Thousands of dollars",22224425,22510020,25212323,25638018,26293546,28116855,30747530,33837418,37017902,39594607,44714311,45763935,44096563,44801778,49046440,52757918,58803831,66382395,67042669,56620976,62600439,67464406,70872964,71475365,74784653,77846879,79775021,85006668,90096290,94975213,94449948
 "34000","New Jersey",2,SAINC91,20,"...","Outflows of earnings","Thousands of dollars",11870798,12197897,13146580,13386740,14059555,14751244,15426050,15755802,17421651,18098342,20167276,20582542,21290783,21748521,22923881,24191913,24950788,26106881,27497477,25510063,27566595,28367716,31130812,30735556,31105310,32172486,32358163,34420529,34952731,35969682,36980817
 "34000","New Jersey",2,SAINC91,30,"...","Adjustment for residence","Thousands of dollars",10353627,10312123,12065743,12251278,12233991,13365611,15321480,18081616,19596251,21496265,24547035,25181393,22805780,23053257,26122559,28566005,33853043,40275514,39545192,31110913,35033844,39096690,39742152,40739809,43679343,45674393,47416858,50586139,55143559,59005531,57469131
 "35000","New Mexico",6,SAINC91,10,"...","Inflows of earnings","Thousands of dollars",281175,306518,338870,370975,399652,429288,459487,500383,547956,593441,648255,663016,683672,716123,727122,763753,828281,890749,951111,945865,937570,966881,996908,997081,1054161,1062094,1066597,1133629,1228319,1292150,1272676
 "35000","New Mexico",6,SAINC91,20,"...","Outflows of earnings","Thousands of dollars",231852,245072,261565,275314,288618,307190,317732,337203,361458,378611,408484,451394,489587,533856,590950,694030,745896,817389,893503,877382,929309,987591,1012729,1038028,1102447,1102958,1065775,1099726,1257177,1268492,1146417
 "35000","New Mexico",6,SAINC91,30,"...","Adjustment for residence","Thousands of dollars",49323,61446,77305,95661,111034,122098,141755,163180,186498,214830,239771,211622,194085,182267,136172,69723,82385,73360,57608,68483,8261,-20710,-15821,-40947,-48286,-40864,822,33903,-28858,23658,126259
 "36000","New York",2,SAINC91,10,"...","Inflows of earnings","Thousands of dollars",9672941,9974148,10298334,10642932,11440242,11430604,11940733,12646763,13592276,14939805,17108781,17282208,17291966,17508449,18191716,18971214,19707855,20731834,20765907,19854676,20630429,21850647,22830294,23019297,23663892,24552564,24756649,25480839,26202436,27048825,26733807
 "36000","New York",2,SAINC91,20,"...","Outflows of earnings","Thousands of dollars",23143666,23422371,26878709,26993936,27785306,30008083,33370471,36637158,40885063,43442913,49407817,50419040,48244012,49059713,54419196,59177807,66550119,76629683,77143388,63847719,70876368,75814284,79210305,79279305,83871163,87011145,88809026,95324591,102832480,109468260,107450550
 "36000","New York",2,SAINC91,30,"...","Adjustment for residence","Thousands of dollars",-13470725,-13448223,-16580375,-16351004,-16345064,-18577479,-21429738,-23990395,-27292787,-28503108,-32299036,-33136832,-30952046,-31551264,-36227480,-40206593,-46842264,-55897849,-56377481,-43993043,-50245939,-53963637,-56380011,-56260008,-60207271,-62458581,-64052377,-69843752,-76630044,-82419435,-80716743
 "37000","North Carolina",5,SAINC91,10,"...","Inflows of earnings","Thousands of dollars",1091497,1134619,1234997,1324101,1396830,1485604,1578859,1702807,1888498,2041424,2181372,2303663,2433262,2685279,2901444,3152901,3385844,3624482,3767153,3700115,3878867,4217408,4458227,4658710,4975064,5212807,5598719,6005659,6272248,6715886,6842774
 "37000","North Carolina",5,SAINC91,20,"...","Outflows of earnings","Thousands of dollars",1549082,1574784,1699482,1805364,1943204,2103403,2260866,2462456,2626310,2848277,3102218,3234000,3332598,3440785,3658096,3978859,4395641,4864625,5038635,4746059,4840355,5108226,5396984,5505961,5894177,6374298,6892206,7347851,7808242,8254627,8948315
 "37000","North Carolina",5,SAINC91,30,"...","Adjustment for residence","Thousands of dollars",-457585,-440165,-464485,-481263,-546374,-617799,-682007,-759649,-737812,-806853,-920846,-930337,-899336,-755506,-756652,-825958,-1009797,-1240143,-1271482,-1045944,-961488,-890818,-938757,-847251,-919113,-1161491,-1293487,-1342192,-1535994,-1538741,-2105541
 "38000","North Dakota",4,SAINC91,10,"...","Inflows of earnings","Thousands of dollars",163054,180907,201711,213602,233149,244432,254052,268854,294622,308123,321087,332850,352923,371706,390502,399457,416928,442007,471391,477024,487367,526331,567451,562122,603346,603695,611026,642906,688943,711115,743926
 "38000","North Dakota",4,SAINC91,20,"...","Outflows of earnings","Thousands of dollars",347225,371841,407652,438985,473661,506276,548042,589824,638617,678554,724977,765055,799936,841086,912167,969468,1051549,1145595,1233187,1279959,1454305,1847876,2468778,2854041,3238305,2988278,2580095,2726513,2970753,3122120,2808805
 "38000","North Dakota",4,SAINC91,30,"...","Adjustment for residence","Thousands of dollars",-184171,-190934,-205941,-225383,-240512,-261844,-293990,-320970,-343995,-370431,-403890,-432205,-447013,-469380,-521665,-570011,-634621,-703588,-761796,-802935,-966938,-1321545,-1901327,-2291919,-2634959,-2384583,-1969069,-2083607,-2281810,-2411005,-2064879
 "39000","Ohio",3,SAINC91,10,"...","Inflows of earnings","Thousands of dollars",2395358,2509013,2698989,2799344,3019702,3167203,3369597,3628595,3861150,4206255,4585874,4807565,4996428,5216559,5558806,5818165,6023851,6231094,6386945,6101753,6365114,6833549,7448005,7274260,7493694,7689309,7771919,8228674,9051918,9117093,8964928
 "39000","Ohio",3,SAINC91,20,"...","Outflows of earnings","Thousands of dollars",3488414,3623815,3928954,4126728,4470068,4658104,4915748,5272116,5680470,5994841,6334441,6544247,6754390,6987429,7275010,7549584,7909267,8205226,8351661,7938695,8160351,8756023,9336332,9589966,10048678,10281092,10461969,10688552,11047020,11471598,11454797
 "39000","Ohio",3,SAINC91,30,"...","Adjustment for residence","Thousands of dollars",-1093056,-1114802,-1229965,-1327384,-1450366,-1490901,-1546151,-1643521,-1819320,-1788586,-1748567,-1736682,-1757962,-1770870,-1716204,-1731419,-1885416,-1974132,-1964716,-1836942,-1795237,-1922474,-1888327,-2315706,-2554984,-2591783,-2690050,-2459878,-1995102,-2354505,-2489869
 "40000","Oklahoma",6,SAINC91,10,"...","Inflows of earnings","Thousands of dollars",741131,778062,831537,871369,929707,975698,1019345,1115130,1172721,1243068,1351117,1386489,1385013,1406278,1449640,1490477,1554252,1587317,1598054,1478319,1478046,1530161,1574653,1566689,1620592,1637482,1634172,1690183,1791324,1829288,1831517
 "40000","Oklahoma",6,SAINC91,20,"...","Outflows of earnings","Thousands of dollars",172744,180859,213106,214707,215839,229135,239863,256429,279970,304146,332314,372495,398431,438606,499628,578196,670135,739092,805074,796589,863351,966313,1019862,1092183,1155659,1200062,1175739,1247349,1308463,1363136,1389638
 "40000","Oklahoma",6,SAINC91,30,"...","Adjustment for residence","Thousands of dollars",568387,597203,618431,656662,713868,746563,779482,858701,892751,938922,1018803,1013994,986582,967672,950012,912281,884117,848225,792980,681730,614695,563848,554791,474506,464933,437420,458433,442834,482861,466152,441879
 "41000","Oregon",8,SAINC91,10,"...","Inflows of earnings","Thousands of dollars",714430,763307,803638,843953,954044,998665,1006387,1089537,1190656,1342050,1487903,1489365,1456868,1456928,1498792,1539413,1576238,1616110,1590920,1505914,1515823,1562331,1642612,1636966,1741888,1850672,1942989,2082957,2237004,2361057,2438411
 "41000","Oregon",8,SAINC91,20,"...","Outflows of earnings","Thousands of dollars",1332496,1446217,1583156,1718931,1895183,2117948,2361159,2629869,2854288,3099066,3486700,3600355,3647130,3824837,4092703,4424842,4850655,5161741,5257648,4995860,4886468,5264967,5556271,5545910,5631913,5995400,6469814,6833551,7363931,7577628,7943999
 "41000","Oregon",8,SAINC91,30,"...","Adjustment for residence","Thousands of dollars",-618066,-682910,-779518,-874978,-941139,-1119283,-1354772,-1540332,-1663632,-1757016,-1998797,-2110990,-2190262,-2367909,-2593911,-2885429,-3274417,-3545631,-3666728,-3489946,-3370645,-3702636,-3913659,-3908944,-3890025,-4144728,-4526825,-4750594,-5126927,-5216571,-5505588
 "42000","Pennsylvania",2,SAINC91,10,"...","Inflows of earnings","Thousands of dollars",7098900,7332111,7886073,8298396,8811958,9587729,10268380,11215135,12321308,13214159,14571059,15405466,16011392,16938028,18338335,20000282,21358153,23115854,23940807,22459104,23639983,24625271,25983843,26113255,27677330,28622937,29257203,30813248,32370120,33339436,33555506
 "42000","Pennsylvania",2,SAINC91,20,"...","Outflows of earnings","Thousands of dollars",6060004,6279610,6660144,6958765,7159873,7420895,7835017,8342504,9050590,9657795,10515077,11088262,11420581,11857904,12469588,13108376,14017566,14890713,15364873,15127538,15637146,16758424,17755155,17961998,18707336,19673532,19827316,20814715,21493989,22790464,22391076
 "42000","Pennsylvania",2,SAINC91,30,"...","Adjustment for residence","Thousands of dollars",1038896,1052501,1225929,1339631,1652085,2166834,2433363,2872631,3270718,3556364,4055982,4317204,4590811,5080124,5868747,6891906,7340587,8225141,8575934,7331566,8002837,7866847,8228688,8151257,8969994,8949405,9429887,9998533,10876131,10548972,11164430
 "44000","Rhode Island",1,SAINC91,10,"...","Inflows of earnings","Thousands of dollars",1668349,1677558,1773436,1874023,1996963,2113084,2249267,2420243,2620915,2841758,3155669,3393051,3534752,3693555,4094408,4106521,4365476,4619820,4549511,4439756,4508600,5015037,5437459,5667707,5658568,6026946,6219565,6677036,7144349,7810186,7945329
 "44000","Rhode Island",1,SAINC91,20,"...","Outflows of earnings","Thousands of dollars",997641,980995,1055389,1113411,1167333,1253955,1320645,1425265,1547394,1666608,1820320,1964078,2121223,2320539,2496886,2669809,2916042,3090308,3238231,3200891,3485020,3734889,4014460,4254640,4504972,4686226,4795238,5010123,5064136,5132963,5263746
 "44000","Rhode Island",1,SAINC91,30,"...","Adjustment for residence","Thousands of dollars",670708,696563,718047,760612,829630,859129,928622,994978,1073521,1175150,1335349,1428973,1413529,1373016,1597522,1436712,1449434,1529512,1311280,1238865,1023580,1280148,1422999,1413067,1153596,1340720,1424327,1666913,2080213,2677223,2681583
 "45000","South Carolina",5,SAINC91,10,"...","Inflows of earnings","Thousands of dollars",1594966,1615438,1729880,1821942,1951594,2102486,2268350,2463363,2651403,2869381,3155723,3307245,3427989,3592919,3823281,4175726,4593404,5079386,5272886,5088288,5160219,5459721,5848284,6040350,6454905,6998527,7580891,8085281,8543280,9091299,9885891
 "45000","South Carolina",5,SAINC91,20,"...","Outflows of earnings","Thousands of dollars",1087605,1121154,1226342,1302125,1315323,1335170,1390540,1427332,1535974,1666004,1726512,1787815,1871023,2001433,2148530,2306423,2450901,2564641,2674579,2502796,2633098,2896239,2995570,3084323,3342725,3511969,3680607,4024087,4308527,4735779,4755261
 "45000","South Carolina",5,SAINC91,30,"...","Adjustment for residence","Thousands of dollars",507361,494284,503538,519817,636271,767316,877810,1036031,1115429,1203377,1429211,1519430,1556966,1591486,1674751,1869303,2142503,2514745,2598307,2585492,2527121,2563482,2852714,2956027,3112180,3486558,3900284,4061194,4234753,4355520,5130630
 "46000","South Dakota",4,SAINC91,10,"...","Inflows of earnings","Thousands of dollars",69075,78176,90069,102254,115018,141973,149040,184935,199964,219733,250277,258705,267779,281142,293499,321950,355700,405173,443030,431035,446223,433474,476394,493713,553432,584138,560705,535026,550039,559105,569828
 "46000","South Dakota",4,SAINC91,20,"...","Outflows of earnings","Thousands of dollars",123314,145919,175047,202622,245438,291878,337828,370589,432559,469062,517417,523452,504511,506358,514481,493285,497008,544624,546548,499878,517522,546491,548402,532288,574947,595617,613942,646486,675961,696736,725184
 "46000","South Dakota",4,SAINC91,30,"...","Adjustment for residence","Thousands of dollars",-54239,-67743,-84978,-100368,-130420,-149905,-188788,-185654,-232595,-249329,-267140,-264747,-236732,-225216,-220982,-171335,-141308,-139451,-103518,-68843,-71299,-113017,-72008,-38575,-21515,-11479,-53237,-111460,-125922,-137631,-155356
 "47000","Tennessee",5,SAINC91,10,"...","Inflows of earnings","Thousands of dollars",1678684,1794965,2155674,2235086,2379280,2526452,2707349,2750011,2928026,3063853,3186523,3342191,3494031,3711117,3903002,4325220,4669330,4915456,5212698,5241571,5575305,5954662,6083576,5952627,6163653,6378023,6406134,6525716,6754419,6728096,7024071
 "47000","Tennessee",5,SAINC91,20,"...","Outflows of earnings","Thousands of dollars",2307439,2417063,2638365,2830770,3066206,3293713,3492112,3780504,4102783,4422706,4736231,4905265,5042368,5266500,5542358,5779289,6051354,6397461,6595891,6209733,6322122,6714180,7156400,7193908,7360913,7695485,7997365,8273878,8707657,8921560,9147577
 "47000","Tennessee",5,SAINC91,30,"...","Adjustment for residence","Thousands of dollars",-628755,-622098,-482691,-595684,-686926,-767261,-784763,-1030493,-1174757,-1358853,-1549708,-1563074,-1548337,-1555383,-1639356,-1454069,-1382024,-1482005,-1383193,-968162,-746817,-759518,-1072824,-1241281,-1197260,-1317462,-1591231,-1748162,-1953238,-2193464,-2123506
 "48000","Texas",6,SAINC91,10,"...","Inflows of earnings","Thousands of dollars",1090859,1146769,1236680,1307931,1386373,1464239,1566429,1697709,1864110,2035807,2251252,2377420,2452711,2579999,2775674,3008586,3257894,3518550,3721356,3560594,3695729,3942667,4130857,4287948,4651243,4843821,5019969,5428194,5744813,5799861,5601121
 "48000","Texas",6,SAINC91,20,"...","Outflows of earnings","Thousands of dollars",1575329,1709606,1822482,1914453,2057643,2216884,2389498,2660636,2922513,3118572,3431360,3562373,3587494,3639544,3753149,3956246,4291707,4639838,4911417,4956504,5223200,5782479,6338784,6685260,7114334,7295520,7169448,7317864,7742551,8162111,7762722
 "48000","Texas",6,SAINC91,30,"...","Adjustment for residence","Thousands of dollars",-484470,-562837,-585802,-606522,-671270,-752645,-823069,-962927,-1058403,-1082765,-1180108,-1184953,-1134783,-1059545,-977475,-947660,-1033813,-1121288,-1190061,-1395910,-1527471,-1839812,-2207927,-2397312,-2463091,-2451699,-2149479,-1889670,-1997738,-2362250,-2161601
 "49000","Utah",7,SAINC91,10,"...","Inflows of earnings","Thousands of dollars",137557,144031,155230,172588,193337,204542,226251,250038,271752,300498,335200,343251,346910,361145,388915,423126,464472,500551,524605,471735,475930,500597,542070,568492,599202,611631,606397,638884,685300,721171,712909
 "49000","Utah",7,SAINC91,20,"...","Outflows of earnings","Thousands of dollars",120691,132534,148675,165462,186393,204244,225854,250186,275576,301818,330316,343467,349343,360189,387240,408147,445198,484926,491213,464716,474984,501990,525978,541253,565447,603584,633997,672232,716565,768241,811307
 "49000","Utah",7,SAINC91,30,"...","Adjustment for residence","Thousands of dollars",16866,11497,6555,7126,6944,298,397,-148,-3824,-1320,4884,-216,-2433,956,1675,14979,19274,15625,33392,7019,946,-1393,16092,27239,33755,8047,-27600,-33348,-31265,-47070,-98398
 "50000","Vermont",1,SAINC91,10,"...","Inflows of earnings","Thousands of dollars",337128,351958,387831,419632,456141,484753,518443,567344,629110,682123,748885,780577,808800,846737,883628,919702,970539,1013793,1040140,1046407,1086359,1137921,1171344,1221566,1254904,1307705,1339323,1362427,1415060,1463164,1487863
 "50000","Vermont",1,SAINC91,20,"...","Outflows of earnings","Thousands of dollars",285129,292345,319731,341799,363152,378689,396416,420931,454810,486575,522096,543792,573978,595663,646161,669992,689169,722491,754630,714845,756178,832652,858816,883764,884255,936989,961003,944046,984835,1005335,990068
 "50000","Vermont",1,SAINC91,30,"...","Adjustment for residence","Thousands of dollars",51999,59613,68100,77833,92989,106064,122027,146413,174300,195548,226789,236785,234822,251074,237467,249710,281370,291302,285510,331562,330181,305269,312528,337802,370649,370716,378320,418381,430225,457829,497795
 "51000","Virginia",5,SAINC91,10,"...","Inflows of earnings","Thousands of dollars",11569102,12251419,13190137,13839922,14207379,14706239,14902796,16236965,16933355,19615223,19362888,20414974,21828744,23276126,24957659,26318098,28243049,29699319,31879844,31800831,33786841,36396032,36363218,35646760,37940535,39227320,41076048,42470802,43925387,44090037,44796485
 "51000","Virginia",5,SAINC91,20,"...","Outflows of earnings","Thousands of dollars",6372954,6622617,7158504,7496076,7938380,8330732,8977911,9754724,10721950,11693571,13300372,13840267,13750097,14500782,15717013,16809728,17434514,18282134,18621857,18716976,19188599,19519782,19514843,19035004,19429021,20267097,21146826,22051167,23057619,24138960,25003746
 "51000","Virginia",5,SAINC91,30,"...","Adjustment for residence","Thousands of dollars",5196148,5628802,6031633,6343846,6268999,6375507,5924885,6482241,6211405,7921652,6062516,6574707,8078647,8775344,9240646,9508370,10808535,11417185,13257987,13083855,14598242,16876250,16848375,16611756,18511514,18960223,19929222,20419635,20867768,19951077,19792739
 "53000","Washington",8,SAINC91,10,"...","Inflows of earnings","Thousands of dollars",1759726,1902804,2083648,2240800,2434957,2660794,2932803,3230649,3503913,3792020,4319342,4442335,4477698,4652060,4940256,5286369,5783274,6114458,6147087,5813605,5746047,6201195,6476953,6623313,6755644,7214414,7711077,8138363,8751083,9072775,9294839
 "53000","Washington",8,SAINC91,20,"...","Outflows of earnings","Thousands of dollars",841506,912560,982539,1044917,1185103,1253485,1305694,1445039,1611924,1833574,2038295,2066361,2045252,2083826,2172828,2251384,2341392,2449351,2465485,2419526,2505115,2676249,2867627,3041854,3219265,3384859,3603524,3857296,4136177,4364808,4367651
 "53000","Washington",8,SAINC91,30,"...","Adjustment for residence","Thousands of dollars",918220,990244,1101109,1195883,1249854,1407309,1627109,1785610,1891989,1958446,2281047,2375974,2432446,2568234,2767428,3034985,3441882,3665107,3681602,3394079,3240932,3524946,3609326,3581459,3536379,3829555,4107553,4281067,4614906,4707967,4927188
 "54000","West Virginia",5,SAINC91,10,"...","Inflows of earnings","Thousands of dollars",1368532,1406078,1538055,1600122,1739835,1820209,1915374,2086558,2293495,2493351,2686537,2903778,3018998,3206670,3468136,3794896,4079639,4362354,4576976,4475362,4621043,4845319,4854234,4902998,5067954,5179676,5352593,5575431,5770571,5977855,6074856
 "54000","West Virginia",5,SAINC91,20,"...","Outflows of earnings","Thousands of dollars",1276467,1331783,1404126,1468551,1559229,1596541,1680978,1694091,1854665,1992536,2061292,2131497,2202175,2245448,2377950,2505594,2743208,2876841,3136162,3147148,3162117,3377825,3639368,3647120,3598493,3710895,3640508,3958088,4539975,4344345,4054123
 "54000","West Virginia",5,SAINC91,30,"...","Adjustment for residence","Thousands of dollars",92065,74295,133929,131571,180606,223668,234396,392467,438830,500815,625245,772281,816823,961222,1090186,1289302,1336431,1485513,1440814,1328214,1458926,1467494,1214866,1255878,1469461,1468781,1712085,1617343,1230596,1633510,2020733
 "55000","Wisconsin",3,SAINC91,10,"...","Inflows of earnings","Thousands of dollars",2078855,2181673,2381204,2520968,2744713,2936218,3156474,3456119,3779684,4074363,4450915,4692549,4872198,5068378,5303603,5607815,5886707,6264335,6387099,5903233,5993698,6410981,6626524,6822392,7094642,7458709,7598324,7918313,8219652,8448109,8276019
 "55000","Wisconsin",3,SAINC91,20,"...","Outflows of earnings","Thousands of dollars",736365,818932,919279,1002331,1088986,1161411,1238308,1335369,1473523,1597416,1743508,1853520,1948500,2069138,2198626,2309306,2464034,2581074,2659465,2612489,2751142,3053768,3330165,3568176,3607574,3828472,3863816,4011159,4274564,4389079,4424956
 "55000","Wisconsin",3,SAINC91,30,"...","Adjustment for residence","Thousands of dollars",1342490,1362741,1461925,1518637,1655727,1774807,1918166,2120750,2306161,2476947,2707407,2839029,2923698,2999240,3104977,3298509,3422673,3683261,3727634,3290744,3242556,3357213,3296359,3254216,3487068,3630237,3734508,3907154,3945088,4059030,3851063
 "56000","Wyoming",7,SAINC91,10,"...","Inflows of earnings","Thousands of dollars",75381,89440,88644,94068,100049,106320,114669,125192,134684,146291,162862,164408,165704,167382,178934,181410,193113,214443,227720,209246,211764,241261,290557,338055,375751,353836,282835,310326,365410,384674,329563
 "56000","Wyoming",7,SAINC91,20,"...","Outflows of earnings","Thousands of dollars",85971,90444,94768,101984,107520,111278,114226,119880,126898,139399,149099,173604,195093,217382,241561,274727,333832,391765,444035,424893,449439,488635,536228,572599,597433,591064,557463,573015,612343,648423,618039
 "56000","Wyoming",7,SAINC91,30,"...","Adjustment for residence","Thousands of dollars",-10590,-1004,-6124,-7916,-7471,-4958,443,5312,7786,6892,13763,-9196,-29389,-50000,-62627,-93317,-140719,-177322,-216315,-215647,-237675,-247374,-245671,-234544,-221682,-237228,-274628,-262689,-246933,-263749,-288476
"Note: See the included footnote file."
"SAINC91: Gross Flow of Earnings "
"Last updated: September 23, 2021-- new statistics for 2020; revised statistics for 2016-2019."
"Source: U.S. Department of Commerce / Bureau of Economic Analysis / Regional Economic Accounts"
