weight,fipstate,income,card_bal_b,debt,year,cards_b,card_rate_b
51579,51,5784,0,429,1986,,
57905,12,26500,0,29755,1986,,
31362,6,4900,-6,8300,1986,,
34848,12,32000,1900,9149,1986,,
35357,51,3000,0,0,1986,,
24838,47,34000,0,33197,1986,,
24672,47,17200,600,37493,1986,,
23775,47,4032,0,1157,1986,,
28790,47,10659,0,0,1986,,
40997,47,35000,1500,1500,1986,,
29864,12,20000,0,0,1986,,
58713,12,2500,0,5998,1986,,
39639,12,16000,0,0,1986,,
31900,4,28000,1400,22840,1986,,
28672,42,70000,9000,104463,1986,,
16303,26,49000,600,69775,1986,,
22196,39,30000,400,6775,1986,,
25489,8,10306,2350,2652,1986,,
24793,39,16000,200,6247,1986,,
25124,39,32000,1000,8486,1986,,
52279,28,6800,0,0,1986,,
34414,29,13000,0,0,1986,,
22430,12,7800,1400,7153,1986,,
35905,12,27500,-6,38646,1986,,
32405,41,11688,-6,0,1986,,
129856,5,18000,0,0,1986,,
28319,53,31000,418,46617,1986,,
33920,21,28000,1000,4381,1986,,
32507,21,10000,1101,1101,1986,,
14683,26,25640,0,9865,1986,,
21435,26,8500,0,0,1986,,
36460,26,17000,133,7824,1986,,
39544,13,3079,0,0,1986,,
63003,13,22000,2000,2000,1986,,
29256,37,57500,-6,39102,1986,,
5695,19,9600,0,0,1986,,
42457,27,24000,-6,196,1986,,
18195,37,40000,0,60859,1986,,
36915,21,39477,8500,14492,1986,,
14011,37,530,0,560,1986,,
24168,2,15000,-6,27168,1986,,
14495,9,3800,0,15676,1986,,
36917,26,53000,3500,11766,1986,,
23848,21,10000,-6,0,1986,,
57906,9,22000,300,1362,1986,,
23320,34,58000,-6,84194,1986,,
30087,6,40000,4500,64387,1986,,
29304,37,7000,0,14270,1986,,
48782,6,5000,50,50,1986,,
19930,21,15413,0,11821,1986,,
31223,39,9064,200,13238,1986,,
27021,36,110000,3500,5855,1986,,
32632,34,30000,4000,4000,1986,,
10313,45,45000,320,52635,1986,,
30095,41,26000,-6,9133,1986,,
15533,36,31800,2835,48701,1986,,
25884,22,15000,0,0,1986,,
76975,22,2146,0,0,1986,,
42181,6,29000,1200,1200,1986,,
30530,53,32000,2000,8075,1986,,
33393,13,6000,-6,0,1986,,
37256,6,54207,2300,158221,1986,,
43401,6,34000,400,30668,1986,,
34669,6,58000,-6,184319,1986,,
27653,28,6051,300,300,1986,,
28047,28,15000,0,0,1986,,
18285,41,28500,0,39722,1986,,
33880,13,25000,-6,0,1986,,
26275,13,40000,200,46556,1986,,
28825,39,14000,-6,318,1986,,
26561,39,25500,-6,0,1986,,
27661,47,25000,-6,5970,1986,,
13469,36,60541,-6,154320,1986,,
26539,47,4812,0,2970,1986,,
55394,21,9000,0,0,1986,,
33045,6,51946,390,92454,1986,,
31363,51,55000,-6,63178,1986,,
33307,12,16124,0,0,1986,,
82678,12,10000,0,0,1986,,
56647,21,18000,0,0,1986,,
47360,21,2500,0,25262,1986,,
10255,12,5000,500,500,1986,,
36304,37,25000,0,24937,1986,,
17441,37,5000,0,0,1986,,
20079,37,11000,0,18568,1986,,
61204,1,3600,150,150,1986,,
35954,48,3918,0,0,1986,,
36224,36,130000,2000,100626,1986,,
20768,5,6000,0,0,1986,,
46319,5,4116,115,115,1986,,
21861,8,19000,700,20861,1986,,
45739,8,6120,0,0,1986,,
40496,12,9222,0,0,1986,,
200313,36,6381,0,0,1986,,
49502,36,10500,0,3435,1986,,
19699,36,17624,-6,0,1986,,
25496,41,29077,1754,1754,1986,,
17066,46,31000,0,29107,1986,,
16920,46,30000,-6,48730,1986,,
5805,39,60000,2500,2500,1986,,
12064,39,2000,0,721,1986,,
8157,39,7776,-6,3000,1986,,
31043,41,27972,-6,0,1986,,
47634,6,21000,-6,39134,1986,,
26420,41,20000,-6,14588,1986,,
20322,9,19000,-6,0,1986,,
23194,39,32000,-6,0,1986,,
17443,50,33000,0,24406,1986,,
19429,45,40000,75,42728,1986,,
44642,36,17172,-6,0,1986,,
17685,26,33000,1500,46939,1986,,
22683,39,23000,840,17600,1986,,
26572,48,6243,0,0,1986,,
19340,12,23800,300,33169,1986,,
22833,12,27000,3300,87311,1986,,
16027,46,9824,0,0,1986,,
34601,21,9769,0,0,1986,,
19848,19,4800,0,0,1986,,
46396,53,24000,-6,0,1986,,
13211,9,54000,50,9817,1986,,
28608,9,15800,350,350,1986,,
89758,26,5600,0,0,1986,,
18532,26,60000,5000,39352,1986,,
13990,9,15000,-6,0,1986,,
14127,9,90000,1200,7835,1986,,
37487,55,11251,0,0,1986,,
25380,55,38000,0,18091,1986,,
13706,39,42000,1800,79789,1986,,
28047,6,18000,894,894,1986,,
43442,6,25000,248,3178,1986,,
21817,40,35000,-6,77131,1986,,
26147,13,40000,3600,59144,1986,,
52188,24,20000,-6,0,1986,,
39160,21,42000,1954,28290,1986,,
51977,21,12500,831,8375,1986,,
35654,36,39400,0,115,1986,,
36084,36,54000,200,200,1986,,
35674,42,28000,2000,3782,1986,,
22930,39,39000,2000,65951,1986,,
19344,27,5000,0,0,1986,,
19121,46,40000,-6,21132,1986,,
6058,46,10000,-6,22080,1986,,
39050,6,61000,3800,113306,1986,,
33028,41,4200,-6,0,1986,,
7100,26,18000,-6,19762,1986,,
7100,26,69000,2000,55483,1986,,
18641,26,9500,500,500,1986,,
37314,53,38705,3000,32154,1986,,
21232,22,5000,0,0,1986,,
18619,22,841,0,0,1986,,
46521,22,1500,0,0,1986,,
62948,53,13000,0,1418,1986,,
33832,42,120000,-6,0,1986,,
52833,42,30000,-6,58468,1986,,
42759,36,9316,0,0,1986,,
30245,40,8815,0,0,1986,,
22392,40,7200,0,17515,1986,,
22520,27,72000,3800,101434,1986,,
28087,42,30000,7000,173886,1986,,
31307,8,4250,300,300,1986,,
19110,46,35000,-6,31321,1986,,
35287,27,32000,3000,9361,1986,,
28158,29,30000,1400,22046,1986,,
25963,9,76500,191,10903,1986,,
23302,39,62000,110,110,1986,,
39997,39,52000,-6,7894,1986,,
28804,9,50000,-6,69336,1986,,
26690,45,29964,0,2510,1986,,
39960,17,3452,0,0,1986,,
26578,17,39000,500,5842,1986,,
17408,45,12336,0,13036,1986,,
14629,25,50000,5000,26237,1986,,
20910,5,44881,-6,43457,1986,,
22859,5,35000,3500,3500,1986,,
26583,6,44000,2000,77976,1986,,
23365,12,62000,-6,71675,1986,,
25910,12,12800,300,300,1986,,
17046,46,52000,300,79776,1986,,
7424,46,12000,0,0,1986,,
27410,46,24000,0,0,1986,,
19961,46,14000,206,206,1986,,
27677,12,16000,800,5415,1986,,
30274,42,70000,1000,61694,1986,,
40419,39,30000,60,60,1986,,
25906,21,8000,0,0,1986,,
38743,39,10836,-6,0,1986,,
17907,39,35000,1300,55646,1986,,
42082,39,38000,250,45145,1986,,
34157,47,4032,0,0,1986,,
111998,47,12000,0,0,1986,,
19081,47,28000,0,0,1986,,
24330,47,936,0,2514,1986,,
18265,47,17073,0,0,1986,,
48832,4,50000,-6,22822,1986,,
38938,36,14000,-6,0,1986,,
40975,36,40000,200,200,1986,,
64612,46,13000,0,872,1986,,
59217,46,13000,0,6534,1986,,
28999,46,10868,-6,2288,1986,,
57349,39,45000,0,2747,1986,,
7572,26,10071,0,0,1986,,
25485,39,60000,500,1072,1986,,
9077,39,65000,1000,36128,1986,,
39878,4,18475,800,800,1986,,
19165,46,25000,-6,0,1986,,
29091,40,36000,1700,14175,1986,,
26120,45,10000,6700,6700,1986,,
26308,26,24000,-6,31145,1986,,
17467,45,50000,800,800,1986,,
5964,45,21000,1800,40804,1986,,
13334,45,21000,0,0,1986,,
41624,42,58225,-6,88258,1986,,
33042,39,4000,0,0,1986,,
55346,25,5000,0,0,1986,,
9663,36,16500,0,106794,1986,,
2848,36,16500,0,0,1986,,
14873,36,45000,500,12814,1986,,
36084,42,50000,400,22137,1986,,
20337,39,26000,50,18971,1986,,
26245,9,40000,0,0,1986,,
20306,47,21709,0,25153,1986,,
29939,47,17000,0,0,1986,,
24789,12,26000,50,6378,1986,,
42444,27,20000,400,3761,1986,,
20197,47,37000,0,4005,1986,,
22555,47,7068,-6,0,1986,,
33147,53,16800,-6,22144,1986,,
24008,53,48000,3700,38134,1986,,
52765,12,35000,8000,79084,1986,,
32700,26,65000,2000,34618,1986,,
13090,26,13964,0,0,1986,,
45831,8,18460,0,4569,1986,,
28812,39,7500,0,0,1986,,
16684,25,30000,0,630,1986,,
27586,13,70000,5000,5000,1986,,
24470,1,6000,0,7752,1986,,
25370,28,15774,0,0,1986,,
23728,28,27000,0,0,1986,,
24188,22,1885,0,0,1986,,
29423,27,40000,-6,66325,1986,,
27748,27,30000,2800,31843,1986,,
8964,53,20000,-6,0,1986,,
24430,53,75000,2000,36669,1986,,
38682,6,26000,733,12146,1986,,
27563,53,17000,26,26,1986,,
17191,48,16000,-6,0,1986,,
31166,48,15000,-6,7444,1986,,
30509,42,28000,382,34776,1986,,
41819,8,45000,200,76005,1986,,
11173,37,1570,0,1517,1986,,
18603,25,18000,1000,12991,1986,,
44539,6,46000,-6,49383,1986,,
31462,36,34867,-6,0,1986,,
41203,20,43000,-6,19031,1986,,
38341,13,40000,-6,45742,1986,,
26195,13,65000,4500,5209,1986,,
25367,37,3698,0,0,1986,,
28131,12,38000,1400,1400,1986,,
24644,13,50000,4000,110666,1986,,
19070,37,10924,0,5523,1986,,
29422,37,7500,0,1952,1986,,
52549,39,19922,-6,6863,1986,,
25421,12,5500,-6,0,1986,,
22902,22,4261,0,0,1986,,
23393,22,8000,0,8275,1986,,
29653,19,8074,0,0,1986,,
57161,19,55000,-6,0,1986,,
40096,42,10000,0,0,1986,,
27742,13,29600,3000,57610,1986,,
47885,4,20000,-6,0,1986,,
54212,11,11115,0,141,1986,,
28281,12,7000,250,250,1986,,
19879,46,30000,-6,0,1986,,
19407,46,40000,50,27234,1986,,
8795,46,21250,-6,21206,1986,,
13437,46,20000,-6,60601,1986,,
29163,6,58000,1500,41914,1986,,
28010,6,30000,0,35422,1986,,
23928,21,33000,60,40420,1986,,
69993,36,13286,249,249,1986,,
23596,53,34000,1500,31314,1986,,
23353,53,44000,500,34107,1986,,
43846,6,38000,500,8092,1986,,
45395,42,5876,0,0,1986,,
46827,4,3800,-6,0,1986,,
76302,6,40000,-6,50139,1986,,
24172,47,6000,0,0,1986,,
79108,26,32000,0,8193,1986,,
41484,5,10000,400,4600,1986,,
47610,5,25000,5000,5000,1986,,
43345,39,15000,1335,14459,1986,,
16351,36,48000,600,13053,1986,,
38712,21,20000,-6,0,1986,,
112927,21,10000,0,0,1986,,
29658,5,5143,0,0,1986,,
20434,5,5500,200,200,1986,,
29216,17,9803,-6,16919,1986,,
20624,12,45000,1000,5650,1986,,
19707,12,18823,-6,3729,1986,,
34552,27,4800,0,0,1986,,
31619,27,42000,1893,78742,1986,,
18183,39,15000,150,150,1986,,
19804,19,31716,810,32374,1986,,
21218,19,14580,175,1241,1986,,
24144,37,2808,0,0,1986,,
34281,37,4272,70,1031,1986,,
21708,12,25000,-6,38261,1986,,
20338,12,36000,-6,0,1986,,
43045,1,56000,150,75562,1986,,
44560,1,4000,0,25425,1986,,
32703,41,49000,750,45671,1986,,
15283,9,95000,-6,27204,1986,,
35617,48,4703,88,88,1986,,
86331,48,9838,0,0,1986,,
20480,39,15000,300,13322,1986,,
25395,40,17000,0,11533,1986,,
20387,46,26000,600,26779,1986,,
18853,46,53000,125,125,1986,,
55172,22,2268,0,0,1986,,
31997,49,30000,900,55333,1986,,
32967,12,23000,0,12589,1986,,
27813,49,49054,500,448702,1986,,
54332,51,17843,50,50,1986,,
36976,51,15000,0,0,1986,,
18519,19,19711,150,150,1986,,
20516,19,8228,0,0,1986,,
16622,42,65000,1924,1924,1986,,
155799,45,40000,1000,11898,1986,,
33738,42,20000,-6,0,1986,,
40230,42,5976,-6,0,1986,,
15222,26,60000,1700,33103,1986,,
39111,24,11868,0,0,1986,,
138297,21,20000,1300,13129,1986,,
20671,46,13000,0,3732,1986,,
28551,46,36000,-6,635,1986,,
19567,46,31500,180,29532,1986,,
26544,12,25000,-6,0,1986,,
21685,12,15600,1200,17906,1986,,
29456,5,44000,-6,78236,1986,,
30794,5,25000,50,4071,1986,,
34409,34,75000,-6,13405,1986,,
46867,34,60000,-6,0,1986,,
23947,39,9587,-6,499,1986,,
48557,39,39000,200,20815,1986,,
23707,39,5000,0,10569,1986,,
29427,12,5373,1915,1915,1986,,
31825,6,5668,0,22759,1986,,
38599,6,65000,300,12806,1986,,
47318,48,15000,-6,1804,1986,,
38114,24,14000,105,105,1986,,
26497,42,29000,1600,26384,1986,,
22194,42,30000,1200,34951,1986,,
12326,9,38000,-6,82619,1986,,
37498,9,12640,-6,0,1986,,
54081,9,16000,500,62256,1986,,
50905,42,25000,0,0,1986,,
25069,8,32000,-6,36883,1986,,
30219,6,8076,75,75,1986,,
51728,26,39000,439,12642,1986,,
42753,26,12000,575,10996,1986,,
24818,22,4571,0,0,1986,,
13935,22,21500,0,24427,1986,,
24505,39,33560,825,12381,1986,,
15194,45,75000,500,27444,1986,,
51611,45,7120,312,312,1986,,
32109,18,36000,2700,2700,1986,,
18499,45,19260,200,1318,1986,,
29346,42,12000,800,17290,1986,,
35154,36,3600,0,82,1986,,
75207,29,18353,-6,0,1986,,
68011,25,38500,1500,142025,1986,,
32813,25,27000,400,12433,1986,,
36093,25,40000,0,0,1986,,
25332,13,43000,-6,37651,1986,,
24105,42,5100,150,440,1986,,
28381,42,8250,0,0,1986,,
39316,41,30000,0,0,1986,,
36632,41,12000,0,0,1986,,
32320,6,45000,1800,35683,1986,,
39279,26,15000,-6,0,1986,,
22286,39,5000,1000,2218,1986,,
47562,55,15000,0,286,1986,,
38723,41,14000,3000,3958,1986,,
54028,20,10000,500,4165,1986,,
10126,19,4000,0,1160,1986,,
17669,19,19000,0,126,1986,,
28460,55,25000,350,916,1986,,
19842,45,23000,550,550,1986,,
59172,12,35000,400,52962,1986,,
57586,12,50000,300,36935,1986,,
38193,39,42000,-6,0,1986,,
30587,6,-6,0,0,1986,,
26736,42,18000,0,27291,1986,,
32858,42,7328,-6,0,1986,,
19908,42,12535,-6,1689,1986,,
28640,42,27000,130,1186,1986,,
28810,21,29000,2000,23582,1986,,
32813,21,11500,-6,0,1986,,
14757,26,50000,-6,6969,1986,,
67240,26,9800,0,21142,1986,,
28409,55,5300,-6,0,1986,,
44774,18,6000,0,300,1986,,
33450,34,49500,850,68151,1986,,
30543,42,6149,0,2835,1986,,
44699,6,1,-6,500,1986,,
32941,6,21500,-6,31442,1986,,
23513,49,20000,568,38547,1986,,
57138,47,12000,0,0,1986,,
26124,47,25000,0,4562,1986,,
194437,47,10000,0,0,1986,,
28040,24,30000,1000,1000,1986,,
24242,24,44000,1100,37063,1986,,
18828,40,52000,1000,89039,1986,,
8969,40,24000,1600,43670,1986,,
25181,40,26000,0,3645,1986,,
39818,37,14000,800,800,1986,,
36095,36,45000,6000,53549,1986,,
26463,22,8430,0,326,1986,,
18450,26,25000,150,18969,1986,,
22970,26,45000,147,19270,1986,,
23470,26,4500,0,12252,1986,,
18011,36,35000,200,1321,1986,,
19221,36,35000,3300,26797,1986,,
24731,19,18000,0,34000,1986,,
56686,6,18240,0,0,1986,,
16444,45,4116,0,0,1986,,
23308,37,9500,200,4496,1986,,
9362,37,4424,0,0,1986,,
24394,37,18000,0,1762,1986,,
42428,18,20000,-6,0,1986,,
31980,42,8760,-6,0,1986,,
28594,22,3000,0,0,1986,,
82484,22,7546,-6,933,1986,,
26455,21,27500,380,56435,1986,,
46047,48,4332,-6,0,1986,,
18019,18,17000,600,18010,1986,,
15525,18,21000,0,18121,1986,,
44945,6,15000,-6,0,1986,,
14550,9,40000,200,41777,1986,,
15794,9,74000,-6,117148,1986,,
31910,6,17000,0,3673,1986,,
35200,39,45000,1000,1000,1986,,
11572,37,7476,0,0,1986,,
35316,13,6633,-6,0,1986,,
75499,13,50000,-6,61361,1986,,
25385,13,100000,-6,71683,1986,,
22557,5,6000,0,0,1986,,
31170,31,21000,-6,2892,1986,,
24573,31,10000,0,3844,1986,,
51899,36,500,0,0,1986,,
17514,17,55000,300,25402,1986,,
18528,17,42000,4000,31828,1986,,
30859,27,20000,-6,73365,1986,,
33621,5,21000,0,0,1986,,
22495,5,39000,1800,1800,1986,,
29704,55,40000,5000,16670,1986,,
21171,55,40000,900,53458,1986,,
38388,29,55000,170,23006,1986,,
37768,39,17000,-6,0,1986,,
22562,29,6000,0,30091,1986,,
31464,42,18000,50,50,1986,,
34093,42,65000,-6,19029,1986,,
31792,29,28000,300,12893,1986,,
33741,29,11000,500,500,1986,,
29289,29,15000,1200,6040,1986,,
37426,41,9000,0,377,1986,,
9404,41,2961,0,0,1986,,
33584,37,3227,0,0,1986,,
32907,42,15000,800,18468,1986,,
26188,53,45000,1500,95628,1986,,
41539,53,30000,-6,1931,1986,,
24310,12,20000,-6,21854,1986,,
34799,1,3861,0,0,1986,,
37167,27,60000,-6,25983,1986,,
21479,47,32000,150,56673,1986,,
12342,47,10400,0,0,1986,,
26435,25,5000,15,15,1986,,
29207,25,12000,-6,0,1986,,
20143,39,20000,0,28261,1986,,
20810,25,21000,300,9774,1986,,
32773,36,8500,150,150,1986,,
37116,6,12000,0,805,1986,,
285937,26,41000,-6,18204,1986,,
4132,26,18000,60,60,1986,,
32158,34,40000,1500,1500,1986,,
19669,31,42000,0,9000,1986,,
19284,31,11000,-6,36177,1986,,
22297,22,4524,198,198,1986,,
194392,21,12407,0,0,1986,,
17438,9,32000,200,3924,1986,,
21113,21,45000,163,20298,1986,,
17401,21,17000,-6,22610,1986,,
23436,31,27000,300,5381,1986,,
18167,31,34000,-6,14269,1986,,
5439,31,42000,0,0,1986,,
27245,41,20000,2500,18771,1986,,
36143,41,15000,-6,0,1986,,
21305,40,13705,3000,57347,1986,,
27531,21,14000,0,0,1986,,
32005,21,20036,-6,0,1986,,
35283,25,23000,1300,2432,1986,,
19416,18,43580,80,26708,1986,,
26153,36,39000,72,24020,1986,,
30465,13,31289,-6,0,1986,,
6781,42,139071,0,34309,1986,,
34377,42,22000,1000,35305,1986,,
27475,39,61000,300,14170,1986,,
52440,37,4100,-6,572,1986,,
21918,39,88700,1100,20949,1986,,
16298,22,4666,0,13206,1986,,
21073,5,13000,0,9819,1986,,
18933,5,10759,0,0,1986,,
63142,5,24500,0,19451,1986,,
15940,26,29000,900,35248,1986,,
14019,26,18000,0,9045,1986,,
39363,6,32200,-6,12275,1986,,
45363,13,45000,6000,11045,1986,,
36891,41,14879,503,15968,1986,,
18696,28,26000,200,4046,1986,,
31827,18,35000,0,4832,1986,,
34036,48,4000,0,0,1986,,
66283,48,29000,0,6200,1986,,
13997,9,47000,250,5317,1986,,
19608,31,25000,-6,8347,1986,,
20354,31,31000,100,62984,1986,,
20210,19,13160,-6,0,1986,,
18023,19,68000,500,68008,1986,,
19577,19,27500,1300,45100,1986,,
22717,19,15000,300,6585,1986,,
32876,26,34000,5000,38950,1986,,
37981,31,15000,0,9098,1986,,
24503,31,13000,0,0,1986,,
10116,31,2568,0,0,1986,,
20561,12,60000,1500,21568,1986,,
43145,53,18000,100,22667,1986,,
27802,53,15000,1300,4184,1986,,
38282,31,26000,0,0,1986,,
20888,31,42000,-6,3029,1986,,
20574,31,33000,0,0,1986,,
22223,8,80000,2000,73075,1986,,
48260,6,28751,1000,1000,1986,,
21198,18,60000,150,46613,1986,,
22507,22,22000,2000,10706,1986,,
26095,53,24000,1000,34653,1986,,
18045,42,26000,400,33213,1986,,
47900,11,10000,0,1622,1986,,
23283,39,80000,-6,3909,1986,,
25488,39,10478,-6,4689,1986,,
23046,18,10000,30,30,1986,,
28600,42,8400,0,0,1986,,
33359,6,18781,800,95375,1986,,
34653,28,7500,0,6836,1986,,
24895,28,20351,300,2685,1986,,
26106,39,850000,0,0,1986,,
10290,39,15208,196,19818,1986,,
35195,24,23000,-6,0,1986,,
15273,9,30120,-6,7429,1986,,
19840,25,19000,615,28075,1986,,
20399,47,25000,26,20424,1986,,
18392,26,48257,400,36960,1986,,
14382,26,55000,130,16469,1986,,
35912,13,28000,500,15167,1986,,
39572,6,3060,0,0,1986,,
34779,42,39880,0,9213,1986,,
34606,42,31000,800,11876,1986,,
104031,6,13316,0,0,1986,,
23553,39,24000,-6,15628,1986,,
8298,39,70000,518,518,1986,,
35661,47,16120,0,0,1986,,
29861,47,70000,600,101681,1986,,
119265,47,5142,0,5469,1986,,
21981,47,23000,-6,0,1986,,
43138,51,69000,5000,144424,1986,,
55693,51,15000,800,6908,1986,,
23939,55,45000,1200,49299,1986,,
47318,40,14000,0,0,1986,,
44057,39,13000,800,1376,1986,,
27543,25,26000,500,18956,1986,,
36639,51,32000,0,55177,1986,,
19431,26,24797,2000,2000,1986,,
47879,47,7000,0,0,1986,,
28719,47,3000,500,500,1986,,
19116,17,7998,0,78,1986,,
32693,42,20000,1600,1600,1986,,
25561,12,25000,-6,79659,1986,,
3482,42,180000,-6,0,1986,,
35163,9,17000,0,0,1986,,
42261,27,61593,1500,6257,1986,,
45453,13,4300,0,0,1986,,
56719,12,71000,4075,35020,1986,,
53598,12,22000,-6,0,1986,,
38972,53,69000,1750,121631,1986,,
71478,6,10000,1500,1500,1986,,
17054,26,2679,0,0,1986,,
32522,39,19500,-6,36264,1986,,
16398,17,20000,2400,23176,1986,,
23894,17,35000,0,7579,1986,,
32853,41,40000,100,27904,1986,,
47215,8,23000,0,0,1986,,
36707,46,57000,4200,4200,1986,,
19963,39,65000,500,45263,1986,,
19089,39,25000,0,34343,1986,,
10890,39,60000,400,70838,1986,,
12640,39,25000,500,18398,1986,,
46222,18,110000,-6,0,1986,,
25000,18,28000,100,43386,1986,,
40547,37,45000,-6,35838,1986,,
44065,21,70000,-6,111686,1986,,
15035,21,7200,1200,2700,1986,,
40755,42,29000,-6,5070,1986,,
37862,39,60000,1500,55092,1986,,
25575,26,8808,400,400,1986,,
21730,39,40000,0,11749,1986,,
17367,29,13000,1000,17532,1986,,
28189,17,16000,-6,500,1986,,
23853,51,15000,-6,0,1986,,
39954,51,20000,-6,0,1986,,
16292,27,8400,-6,0,1986,,
46665,18,35000,2500,15697,1986,,
25797,24,34060,600,16999,1986,,
26534,18,12000,0,0,1986,,
13574,39,8840,0,0,1986,,
23684,39,14060,407,407,1986,,
30692,13,65000,-6,107699,1986,,
29333,13,55000,-6,56744,1986,,
36954,36,72038,-6,11974,1986,,
169716,23,21000,0,909,1986,,
41472,21,10187,0,0,1986,,
22866,9,16500,1000,1000,1986,,
11911,26,35000,14000,92225,1986,,
16355,9,9600,0,0,1986,,
22837,12,45000,-6,18085,1986,,
12730,26,29500,2000,18427,1986,,
44012,6,5559,0,0,1986,,
22083,17,30000,-6,167423,1986,,
25299,39,21000,150,23573,1986,,
9962,6,24000,3600,43476,1986,,
38700,26,24000,4000,26233,1986,,
33156,36,72000,-6,90231,1986,,
38736,39,42000,-6,0,1986,,
32187,42,37000,-6,0,1986,,
26931,42,25000,2700,33471,1986,,
25920,37,25000,700,52603,1986,,
14114,9,25000,-6,0,1986,,
34549,37,1600,0,229,1986,,
7209,5,9000,-6,0,1986,,
19410,5,4212,0,0,1986,,
37774,39,43000,2500,68729,1986,,
23239,39,13400,21,21,1986,,
35516,36,34000,1500,29594,1986,,
41535,4,8000,-6,0,1986,,
34866,29,45000,-6,5095,1986,,
8559,53,85000,1000,151856,1986,,
8292,26,18000,1135,19548,1986,,
12670,26,43000,180,17066,1986,,
29835,26,12000,-6,16039,1986,,
23409,26,14000,-6,0,1986,,
39055,6,35000,1500,1500,1986,,
52833,36,5310,0,0,1986,,
37701,6,30000,100,99531,1986,,
32191,4,51500,2200,21377,1986,,
280516,6,8772,0,0,1986,,
71140,13,6200,0,0,1986,,
3606,13,200000,-6,1951,1986,,
20571,13,14000,-6,47000,1986,,
59950,36,40000,-6,3949,1986,,
39717,6,38000,-6,0,1986,,
31666,6,23000,0,3887,1986,,
21281,55,40000,-6,0,1986,,
22394,55,40000,100,11804,1986,,
36721,5,300000,400,66796,1986,,
35375,42,28000,2000,8015,1986,,
12600,42,13000,0,29260,1986,,
43626,42,14474,0,0,1986,,
41998,17,65000,1212,114378,1986,,
62657,22,6100,0,0,1986,,
29391,17,18000,2000,30389,1986,,
35436,42,145000,800,60810,1986,,
35493,42,37000,0,24925,1986,,
133798,45,61000,-6,54347,1986,,
18864,45,29000,1000,29140,1986,,
23161,47,35000,300,24733,1986,,
25572,47,21000,800,24437,1986,,
26874,47,15000,0,10012,1986,,
47701,39,55000,-6,0,1986,,
37098,6,10000,0,4110,1986,,
182116,55,31000,800,800,1986,,
50425,6,5000,0,0,1986,,
27253,42,44473,1304,53366,1986,,
23463,42,29000,500,500,1986,,
17002,45,37000,1800,38328,1986,,
46353,49,3500,932,28794,1986,,
16473,17,5400,0,0,1986,,
26620,55,40000,3000,97817,1986,,
34667,39,10000,100,100,1986,,
39653,6,25000,3800,3800,1986,,
40328,42,14144,1807,2402,1986,,
87901,17,3000,0,0,1986,,
44309,24,31204,43,43,1986,,
39814,39,61857,0,16730,1986,,
25449,39,7000,-6,0,1986,,
22062,39,65523,600,153982,1986,,
30182,12,36000,2000,51925,1986,,
19838,39,40000,989,40764,1986,,
24248,8,7000,0,0,1986,,
19898,8,10954,1128,52924,1986,,
11998,42,12000,0,0,1986,,
36405,45,4000,0,0,1986,,
261069,42,28000,0,0,1986,,
30473,42,28339,0,25601,1986,,
46451,36,10787,0,0,1986,,
13329,9,35000,-6,5862,1986,,
111569,27,50000,-6,54962,1986,,
49428,42,28000,-6,325,1986,,
25742,49,30000,-6,29266,1986,,
23310,40,7649,-6,22000,1986,,
20745,40,15000,600,82172,1986,,
18848,22,32000,128,52358,1986,,
27887,5,42000,500,35279,1986,,
48976,5,5400,0,0,1986,,
27557,42,48000,-6,12218,1986,,
32698,49,10887,-6,0,1986,,
14395,47,10000,0,8125,1986,,
123087,47,8000,0,0,1986,,
36637,47,7000,-6,0,1986,,
23205,47,19000,290,3108,1986,,
40985,46,25000,35,33508,1986,,
14700,46,40000,70,70,1986,,
33477,46,28000,0,3142,1986,,
37955,36,4800,0,0,1986,,
23162,53,20000,100,100,1986,,
26439,53,18000,2100,39191,1986,,
13473,40,47000,1000,58818,1986,,
14191,40,10388,100,100,1986,,
41533,6,33017,0,0,1986,,
20212,40,43000,1800,75819,1986,,
25709,41,25448,-6,54193,1986,,
26583,41,23500,8,37335,1986,,
133482,41,13660,0,20584,1986,,
32219,24,13000,300,5519,1986,,
35008,26,15000,2800,7945,1986,,
8219,26,127500,639,50042,1986,,
22468,21,26500,1000,1000,1986,,
31306,24,57000,3000,10674,1986,,
28410,25,60000,800,26377,1986,,
27873,41,27000,1500,8227,1986,,
34407,41,33000,300,13180,1986,,
9083,39,31403,13550,45536,1986,,
27904,5,30000,900,25225,1986,,
19209,5,15000,-6,0,1986,,
79518,37,13000,0,23483,1986,,
7905,36,98000,-6,5897,1986,,
34506,29,68000,440,3231,1986,,
37508,29,50000,-6,0,1986,,
34796,29,16500,75,5036,1986,,
38918,29,32000,-6,0,1986,,
34412,6,42000,600,37420,1986,,
48485,36,20000,-6,0,1986,,
32729,42,100000,3000,335536,1986,,
22288,22,4800,0,7111,1986,,
17610,17,35000,2500,47485,1986,,
30905,17,4032,0,0,1986,,
21823,40,45000,2600,84870,1986,,
38429,40,23000,1500,18741,1986,,
56395,4,18769,4350,36292,1986,,
11075,21,2106,0,0,1986,,
43926,26,18928,0,3509,1986,,
29467,41,7200,-6,0,1986,,
50611,5,14645,411,4486,1986,,
21383,17,48000,-6,7347,1986,,
41970,51,72000,900,105676,1986,,
36764,1,58000,0,43660,1986,,
20252,49,36000,3800,81185,1986,,
21993,42,40000,1300,40131,1986,,
41016,51,46000,2600,5798,1986,,
52204,5,2400,0,0,1986,,
17067,19,55000,1000,1000,1986,,
24802,19,28000,4000,6591,1986,,
17597,19,42000,11000,23982,1986,,
18043,12,19000,800,35464,1986,,
33166,12,20000,13000,13000,1986,,
9954,12,7466,22,22,1986,,
24251,40,17000,0,14942,1986,,
29021,12,25000,-6,0,1986,,
25123,17,19332,200,23473,1986,,
20081,19,50000,2000,13253,1986,,
24063,19,16971,-6,0,1986,,
23570,19,26000,-6,5164,1986,,
20418,19,38000,-6,0,1986,,
24317,49,15000,100,37222,1986,,
19949,49,38200,1350,62436,1986,,
29720,25,45000,455,32338,1986,,
26694,25,44000,400,15929,1986,,
17080,19,46573,5000,95863,1986,,
21073,19,22000,-6,0,1986,,
28575,19,7000,0,1783,1986,,
17880,19,37000,0,45240,1986,,
26045,41,24000,1000,24758,1986,,
36137,22,15000,2500,19163,1986,,
26543,22,12000,621,5631,1986,,
40324,22,5520,0,0,1986,,
38622,23,32000,-6,6509,1986,,
33517,19,9856,0,0,1986,,
44931,6,22000,800,800,1986,,
70522,19,24862,0,0,1986,,
47209,6,6600,0,0,1986,,
24395,27,46000,-6,0,1986,,
39327,36,30000,0,0,1986,,
19428,46,8200,900,900,1986,,
23844,46,24000,30,30,1986,,
18313,46,45000,6000,13465,1986,,
26483,47,12000,0,0,1986,,
43254,26,50000,300,29880,1986,,
31977,26,66000,800,37339,1986,,
46789,26,12930,0,14280,1986,,
37506,26,35000,15269,54266,1986,,
65600,4,18000,0,12367,1986,,
299039,20,38000,184,337,1986,,
10593,19,22000,2400,3587,1986,,
13762,34,57000,-6,93990,1986,,
18092,26,34000,-6,17352,1986,,
32344,36,45298,725,23522,1986,,
34970,23,26000,350,4096,1986,,
14864,39,18000,40,40,1986,,
25934,39,8500,0,2691,1986,,
31985,48,24700,750,16931,1986,,
59129,48,30000,650,2394,1986,,
60568,5,7860,400,400,1986,,
40170,26,11000,587,2640,1986,,
30233,25,11000,2500,2500,1986,,
19452,22,3000,325,22278,1986,,
34885,23,52000,600,31295,1986,,
30179,19,7500,160,160,1986,,
42154,19,20000,200,200,1986,,
15852,31,18000,0,4972,1986,,
9085,19,5193,0,0,1986,,
22763,5,3780,0,0,1986,,
33841,26,75000,7000,27650,1986,,
35667,26,40000,1200,18487,1986,,
30494,46,26545,-6,0,1986,,
31596,26,17000,0,16277,1986,,
38524,36,45000,500,500,1986,,
18883,46,8300,400,474,1986,,
25653,46,15500,2000,6155,1986,,
21153,46,12000,0,0,1986,,
20529,39,25000,0,0,1986,,
36646,39,4140,30,30,1986,,
22954,39,20000,-6,15753,1986,,
36380,23,15585,-6,35135,1986,,
32079,51,44000,-6,51951,1986,,
27779,25,55000,1200,31308,1986,,
64374,19,27500,300,9300,1986,,
25061,49,6500,0,0,1986,,
24460,55,40000,4000,21224,1986,,
61444,55,19000,80,23789,1986,,
27966,42,15892,0,0,1986,,
24629,42,28000,0,33633,1986,,
13716,42,100000,-6,88620,1986,,
36685,42,60000,-6,38913,1986,,
36204,41,19700,-6,0,1986,,
32142,6,8784,0,0,1986,,
79196,39,11000,0,669,1986,,
46754,39,5400,0,0,1986,,
20736,12,38000,5000,64427,1986,,
16087,26,13885,500,13361,1986,,
20337,26,35000,650,18224,1986,,
4424,26,110000,-6,490604,1986,,
19140,22,17750,800,17866,1986,,
23947,47,37000,350,8627,1986,,
22554,47,15000,1200,9767,1986,,
26066,24,39000,500,32268,1986,,
28648,51,22000,0,0,1986,,
35755,36,26000,-6,0,1986,,
20662,12,24000,1000,51395,1986,,
26821,42,26300,270,24647,1986,,
21002,42,30000,-6,34547,1986,,
28410,19,72000,0,25796,1986,,
8262,19,15000,0,0,1986,,
46928,4,14381,2000,2000,1986,,
20057,26,7692,0,17066,1986,,
29933,5,30000,500,5992,1986,,
20214,5,39168,2000,2000,1986,,
31922,42,44327,-6,49706,1986,,
38977,39,19000,0,4726,1986,,
71870,51,17000,1100,6794,1986,,
25371,37,7031,0,8323,1986,,
25872,37,12000,300,1362,1986,,
16531,37,12000,0,2866,1986,,
32531,36,50000,-6,12453,1986,,
23867,19,13500,0,0,1986,,
26025,18,27000,2300,37937,1986,,
25252,37,20153,220,220,1986,,
23523,34,26000,3000,3000,1986,,
28117,41,35000,26,26963,1986,,
20504,27,47000,2000,92985,1986,,
18350,46,31000,0,10274,1986,,
21340,12,40000,0,138873,1986,,
140557,12,100000,1000,54977,1986,,
58112,12,45000,3000,17732,1986,,
42402,34,45000,500,102358,1986,,
26815,51,125000,-6,168898,1986,,
22244,39,24769,-6,28936,1986,,
26041,5,3000,0,254,1986,,
22361,5,4272,0,0,1986,,
20917,36,6600,0,0,1986,,
19793,36,40000,2000,15769,1986,,
26961,53,9600,0,0,1986,,
29599,26,24360,0,0,1986,,
19164,26,45000,500,6551,1986,,
5643,45,60000,2000,104420,1986,,
23348,45,41000,800,800,1986,,
23395,18,30086,40,83187,1986,,
41043,26,58000,2000,32072,1986,,
7088,47,4374,0,0,1986,,
37633,6,35000,2500,2500,1986,,
18600,32,7000,300,300,1986,,
13407,6,42000,-6,0,1986,,
16404,46,15000,300,38100,1986,,
23539,18,17560,-6,11702,1986,,
27372,26,26600,114,40692,1986,,
52173,39,33000,1000,40726,1986,,
41515,26,6500,0,0,1986,,
37730,39,34000,0,1157,1986,,
28683,18,43000,0,0,1986,,
50091,40,32000,0,0,1986,,
136694,6,16000,0,1377,1986,,
29656,34,75000,450,74664,1986,,
31054,34,70000,1920,97817,1986,,
58958,9,10800,559,53457,1986,,
18103,9,80000,500,500,1986,,
28414,6,50000,0,0,1986,,
45760,51,60000,-6,102572,1986,,
42437,51,70000,-6,34462,1986,,
34156,25,22000,0,1433,1986,,
25515,25,63000,355,893,1986,,
23621,25,42000,2500,40464,1986,,
24336,8,9036,250,15663,1986,,
14037,8,10311,450,450,1986,,
56017,51,60000,2500,9129,1986,,
31981,48,30000,650,29164,1986,,
38227,48,5000,0,0,1986,,
31286,41,25000,-6,51217,1986,,
33365,27,45000,5000,5000,1986,,
41978,41,3000,-6,1027,1986,,
15798,36,23401,-6,3401,1986,,
40650,12,30000,-6,0,1986,,
39734,6,33000,5000,12304,1986,,
4848,6,75000,-6,134062,1986,,
23930,6,18000,-6,34893,1986,,
94663,51,25000,0,1157,1986,,
35284,21,7200,1064,1064,1986,,
37859,29,11500,-6,0,1986,,
50633,45,11692,0,0,1986,,
21554,18,39000,500,26394,1986,,
25554,51,34000,4000,75250,1986,,
15502,13,5920,450,39556,1986,,
19309,37,32744,500,500,1986,,
187840,37,20000,79,25792,1986,,
20817,37,15000,1043,16296,1986,,
165818,5,2211,0,0,1986,,
34994,5,3259,0,0,1986,,
45472,40,32000,2000,62101,1986,,
13712,40,102372,-6,1367,1986,,
37085,39,3000,0,491,1986,,
25069,12,20000,0,0,1986,,
19527,26,35000,-6,0,1986,,
35408,5,1200,0,0,1986,,
35357,34,37000,75,45939,1986,,
19491,5,17500,0,0,1986,,
30068,5,10000,0,0,1986,,
24928,53,14000,5000,28381,1986,,
135938,24,20000,0,212,1986,,
32646,48,26000,130,29728,1986,,
16830,42,70000,-6,40980,1986,,
34728,6,37000,4500,22535,1986,,
34944,6,8000,0,0,1986,,
61344,6,44000,2500,10520,1986,,
19539,47,30000,0,39543,1986,,
33824,42,10459,635,1420,1986,,
28203,42,36000,0,2462,1986,,
30237,53,50000,0,56095,1986,,
28043,53,20000,-6,71240,1986,,
20868,42,15000,200,23114,1986,,
34442,42,15000,-6,0,1986,,
33875,42,1939,0,0,1986,,
29756,42,27000,-6,1101,1986,,
20123,45,3536,580,580,1986,,
26218,49,23000,0,6806,1986,,
18263,49,13000,1947,35819,1986,,
19988,37,13000,0,7479,1986,,
47838,25,7200,0,0,1986,,
39151,23,12500,125,125,1986,,
25446,1,52500,500,39505,1986,,
19662,26,53000,1200,11902,1986,,
25263,39,29990,-6,8009,1986,,
38737,27,7000,-6,10000,1986,,
59289,6,4400,0,0,1986,,
36542,51,6888,600,33443,1986,,
31292,51,38000,-6,0,1986,,
14840,31,15000,260,4676,1986,,
8008,13,24000,-6,8060,1986,,
26432,13,70000,20000,194000,1986,,
22505,13,38000,-6,97255,1986,,
26918,31,9680,0,0,1986,,
58164,34,20000,6000,10891,1986,,
13619,39,70000,1500,136021,1986,,
26544,25,20000,-6,14836,1986,,
29552,25,18000,-6,0,1986,,
26461,18,42000,-6,15470,1986,,
27830,5,13275,-6,0,1986,,
38020,5,18000,500,3946,1986,,
22356,26,33000,2600,36484,1986,,
16625,25,70523,-6,0,1986,,
39639,40,10000,-6,21936,1986,,
35013,36,53000,3000,21745,1986,,
37326,45,14000,0,0,1986,,
21040,34,25000,0,6883,1986,,
67777,6,30000,-6,0,1986,,
94673,8,14000,2000,2000,1986,,
38483,42,15000,-6,13826,1986,,
59375,36,45000,0,127748,1986,,
32030,34,70000,4500,197244,1986,,
9746,6,40000,2000,7845,1986,,
18121,34,19000,0,0,1986,,
18703,12,15000,-6,0,1986,,
32674,4,73500,800,14569,1986,,
34097,34,22000,-6,0,1986,,
35909,6,40345,127,20340,1986,,
36921,6,50000,-6,91361,1986,,
33913,36,42000,-6,0,1986,,
37246,25,5364,860,860,1986,,
26682,31,21654,33,33,1986,,
15441,9,10000,450,9272,1986,,
37143,53,60000,6500,80502,1986,,
19667,45,25004,-6,7283,1986,,
66194,12,105000,500,94955,1986,,
31804,42,35000,250,250,1986,,
1895,36,85000,10000,131483,1986,,
111315,42,14000,0,0,1986,,
109780,22,5500,0,0,1986,,
18279,5,40000,0,0,1986,,
23820,42,103000,-6,5168,1986,,
37159,6,10632,0,0,1986,,
39256,6,29200,1200,22475,1986,,
15510,19,35000,200,16858,1986,,
81976,13,300,0,0,1986,,
33948,6,40000,-6,107982,1986,,
30641,17,6980,-6,0,1986,,
155942,24,60000,-6,70178,1986,,
89843,5,13000,1000,1000,1986,,
21317,5,5078,0,0,1986,,
7408,5,35000,0,0,1986,,
39248,5,17000,300,300,1986,,
19497,5,18000,-6,0,1986,,
27631,26,10800,0,0,1986,,
45927,49,22000,-6,2679,1986,,
52725,39,9000,2000,28273,1986,,
29658,1,16000,0,23845,1986,,
47117,1,14500,150,150,1986,,
59958,22,5000,0,0,1986,,
188631,22,30000,100,100,1986,,
33903,22,3000,0,0,1986,,
44356,22,2982,0,0,1986,,
24243,36,2000,0,10275,1986,,
23891,36,6402,0,1806,1986,,
14703,12,8000,0,19513,1986,,
30677,55,35000,0,35093,1986,,
23754,55,15000,500,12896,1986,,
90653,55,20000,0,4794,1986,,
22074,48,45000,618,48685,1986,,
25031,6,23000,-6,65475,1986,,
25020,17,60000,-6,52962,1986,,
23422,17,49000,1200,62289,1986,,
20635,19,15000,-6,30598,1986,,
19739,19,24500,700,54713,1986,,
25518,48,40000,500,30583,1986,,
28588,12,13000,4500,4500,1986,,
37481,26,27000,900,29705,1986,,
39286,26,16744,389,389,1986,,
39109,6,23000,-6,0,1986,,
57437,6,16461,-6,0,1986,,
34306,34,17500,-6,2011,1986,,
30871,17,24000,1500,1500,1986,,
25944,6,32000,300,47179,1986,,
20433,19,25000,-6,7919,1986,,
22685,19,32000,-6,350586,1986,,
240953,6,25000,0,0,1986,,
37394,12,9043,0,0,1986,,
19730,18,20000,3000,36348,1986,,
137691,6,6861,0,0,1986,,
21813,39,13000,500,500,1986,,
21487,39,53000,500,500,1986,,
24112,39,21995,0,8681,1986,,
37397,26,35000,-6,37961,1986,,
18166,12,25000,-6,49518,1986,,
23078,8,25000,-6,0,1986,,
38586,55,24000,50,50,1986,,
14737,9,85000,3800,71566,1986,,
14490,9,36000,-6,51501,1986,,
10675,17,45000,9,65000,1986,,
46605,27,33000,500,32766,1986,,
34939,27,53000,200,18841,1986,,
20218,18,36000,472,30602,1986,,
29623,6,23500,1000,1000,1986,,
16978,6,20000,2000,2000,1986,,
32815,26,38000,2200,42959,1986,,
32141,26,45000,1500,53106,1986,,
10425,51,200000,-6,106630,1986,,
32144,6,75000,2500,58104,1986,,
21825,31,25000,30,13609,1986,,
20149,31,25000,-6,43654,1986,,
39916,23,15000,40,6510,1986,,
30614,25,12000,2300,9896,1986,,
22466,54,34000,100,4089,1986,,
17811,5,34000,993,24995,1986,,
49927,5,30000,0,12026,1986,,
27375,37,35000,0,3066,1986,,
23585,37,11000,100,100,1986,,
30255,5,4032,0,0,1986,,
29196,5,11000,0,8737,1986,,
34385,6,18000,500,68323,1986,,
40484,49,8435,90,90,1986,,
23199,49,60000,-6,5479,1986,,
23940,5,7000,0,0,1986,,
8048,34,6000,0,300,1986,,
38902,40,25000,0,11000,1986,,
30393,40,14000,-6,0,1986,,
30202,42,13000,0,0,1986,,
27319,42,40000,1400,2486,1986,,
32616,41,30000,-6,51225,1986,,
32575,41,50000,-6,2025631,1986,,
12445,36,12000,0,0,1986,,
17731,5,32000,3500,3500,1986,,
17981,5,52000,3000,39297,1986,,
11760,13,39000,5100,98527,1986,,
62593,53,5000,0,0,1986,,
23204,42,35000,-6,0,1986,,
32076,36,44700,-6,0,1986,,
25991,29,5000,0,179,1986,,
26801,29,19000,0,0,1986,,
32336,26,31000,200,38243,1986,,
294302,6,32674,1800,1800,1986,,
27906,48,12741,1000,64606,1986,,
17483,34,230025,-6,56612,1986,,
13713,39,25000,-6,35145,1986,,
16685,5,40000,4800,33991,1986,,
26907,5,47000,1200,35500,1986,,
28115,5,45000,-6,11720,1986,,
35597,36,50000,-6,0,1986,,
21164,12,115000,5000,223600,1986,,
73522,5,4711,0,8820,1986,,
26578,39,23000,-6,0,1986,,
33069,39,26000,1500,35326,1986,,
24945,39,14000,-6,13247,1986,,
27184,18,55000,-6,54693,1986,,
29490,25,10474,0,0,1986,,
18921,42,35000,4,4,1986,,
23238,55,55000,-6,12888,1986,,
26742,55,25000,100,9407,1986,,
18618,42,35000,-6,196,1986,,
13691,6,105000,-6,212513,1986,,
83340,6,10000,0,0,1986,,
25481,6,20000,1500,160597,1986,,
14738,36,80000,500,125968,1986,,
33470,6,7304,0,10403,1986,,
8250,37,40000,600,43199,1986,,
31412,37,20000,100,9072,1986,,
46763,37,14000,0,0,1986,,
33489,36,38482,-6,0,1986,,
44883,26,35000,1390,18537,1986,,
62459,26,3500,0,98,1986,,
32294,26,60000,1000,33819,1986,,
112297,39,4740,0,0,1986,,
57469,26,3000,0,0,1986,,
17456,45,40000,1000,8625,1986,,
35536,37,14000,0,392,1986,,
115177,41,3000,-6,8265,1986,,
30351,41,15000,-6,35686,1986,,
77478,45,43000,700,58201,1986,,
22105,19,42000,0,22197,1986,,
34926,28,2169,0,77,1986,,
33166,21,19139,-6,0,1986,,
24852,28,6000,0,0,1986,,
63586,28,5484,0,5786,1986,,
4074,25,62000,-6,44934,1986,,
18407,24,19500,1700,42505,1986,,
26329,21,27000,1700,11414,1986,,
24013,55,25000,-6,20829,1986,,
8658,18,40000,2000,2000,1986,,
12964,18,25000,400,400,1986,,
30007,26,19000,2000,13981,1986,,
20599,5,4272,0,0,1986,,
18824,5,6600,0,22678,1986,,
29445,41,45000,100,147339,1986,,
33977,41,2974,0,6000,1986,,
43850,37,26500,870,4288,1986,,
16830,37,36000,-6,12388,1986,,
41919,34,60000,5000,156219,1986,,
18095,5,36000,400,400,1986,,
25758,19,28000,600,20202,1986,,
20395,19,13402,-6,0,1986,,
39750,27,14000,-6,0,1986,,
90944,24,18500,750,31246,1986,,
35391,36,43000,195,38187,1986,,
25603,42,27000,-6,38913,1986,,
25932,17,16000,0,7212,1986,,
26773,19,35000,0,8955,1986,,
95379,12,19056,0,0,1986,,
18135,13,23500,170,61593,1986,,
19812,28,15000,1100,1100,1986,,
5453,25,7000,300,300,1986,,
36121,6,26000,1600,7493,1986,,
34605,6,45000,-6,0,1986,,
24063,53,40000,1000,32803,1986,,
28773,6,47500,6000,50395,1986,,
30346,4,17068,-6,0,1986,,
20550,55,30000,-6,36467,1986,,
37337,39,16000,-6,5939,1986,,
13299,39,13200,300,32036,1986,,
17274,19,32000,2500,27638,1986,,
22086,19,12900,0,0,1986,,
15899,25,80000,225,15824,1986,,
20968,25,12000,0,0,1986,,
19234,17,59000,-6,23874,1986,,
17202,17,28000,100,100,1986,,
46835,11,69000,3000,50447,1986,,
38214,51,78000,2000,177138,1986,,
20635,17,35700,4400,59624,1986,,
26480,17,35000,986,5825,1986,,
24405,55,30000,-6,0,1986,,
49014,36,8943,300,6035,1986,,
27198,24,30000,500,500,1986,,
32793,6,41000,6500,9998,1986,,
39303,23,36000,-6,1908,1986,,
25319,23,8000,-6,0,1986,,
36877,23,44410,2000,49829,1986,,
16359,17,48000,0,18433,1986,,
29906,17,32000,1600,43054,1986,,
19605,26,35000,0,43600,1986,,
62671,36,20409,0,0,1986,,
36064,29,23000,200,2331,1986,,
30995,27,30000,600,46522,1986,,
24786,13,70000,850,46487,1986,,
61912,36,20000,0,842,1986,,
34461,36,25000,0,7804,1986,,
24041,12,45000,5000,15544,1986,,
24061,41,23000,2800,63676,1986,,
16674,41,48000,-6,19064,1986,,
19451,51,4800,3000,5599,1986,,
34455,51,30000,0,5108,1986,,
21363,51,29498,-6,0,1986,,
18896,6,30000,0,0,1986,,
14514,6,18000,-6,0,1986,,
46980,26,8500,0,25194,1986,,
40221,26,30000,3500,20333,1986,,
19918,45,19000,0,18620,1986,,
8050,26,100892,400,210648,1986,,
37659,21,30000,212,212,1986,,
17284,34,52000,200,13616,1986,,
28415,6,70000,-6,3225,1986,,
28837,26,20598,-6,9172,1986,,
162730,26,24000,1000,14011,1986,,
21357,36,20000,2000,69833,1986,,
28729,31,44000,2000,75880,1986,,
39579,41,7995,0,0,1986,,
27301,41,15084,-6,55348,1986,,
50359,51,45000,-6,2666,1986,,
28862,37,30000,0,0,1986,,
22356,37,17044,0,14498,1986,,
176361,5,8700,0,3837,1986,,
34941,27,83000,1245,55001,1986,,
26311,25,55000,500,32440,1986,,
17912,12,60000,5000,43927,1986,,
40826,36,12405,-6,0,1986,,
7233,29,7000,0,2644,1986,,
7853,29,2200,0,0,1986,,
132949,39,50000,-6,31969,1986,,
26785,12,16000,-6,29916,1986,,
33173,39,9000,0,0,1986,,
40106,5,10003,-6,0,1986,,
21523,54,52000,150,43865,1986,,
29831,54,18000,0,8879,1986,,
29881,48,65000,2000,34657,1986,,
26967,24,13500,90,2043,1986,,
20439,39,32000,0,11175,1986,,
22123,39,25000,200,30595,1986,,
60631,51,7796,0,0,1986,,
21455,42,17000,-6,29676,1986,,
40653,42,24000,1300,14225,1986,,
36012,42,5856,365,365,1986,,
18299,48,60000,-6,59489,1986,,
289554,36,15986,1280,28676,1986,,
21238,17,200000,150,628,1986,,
22007,17,31000,0,28016,1986,,
28128,9,64000,-6,59653,1986,,
21385,9,41000,1400,5270,1986,,
41562,6,12000,400,17173,1986,,
26817,55,42000,1500,59876,1986,,
24635,55,180000,-6,4018,1986,,
19644,42,38000,650,17328,1986,,
34480,6,40000,-6,171223,1986,,
3474,13,26000,1700,94445,1986,,
41622,4,65000,-6,0,1986,,
34114,39,7000,-6,0,1986,,
19110,39,32000,1500,40798,1986,,
313642,1,11000,0,0,1986,,
13578,17,25000,300,39829,1986,,
10003,37,40000,-6,0,1986,,
10535,12,15488,-6,0,1986,,
17640,39,51000,-6,0,1986,,
15068,39,55000,400,21469,1986,,
3107,5,225000,300,300,1986,,
22832,5,29000,0,11422,1986,,
44701,6,32000,0,1600,1986,,
56531,29,6268,0,0,1986,,
31800,17,5000,0,562,1986,,
39673,36,45000,1000,1000,1986,,
18352,34,72000,-6,25236,1986,,
28070,25,8299,0,0,1986,,
20028,36,28406,1738,12223,1986,,
18912,36,53000,0,0,1986,,
44166,48,30000,0,0,1986,,
25641,12,84000,-6,17058,1986,,
49125,46,23000,500,5445,1986,,
21337,39,25000,-6,39646,1986,,
19565,39,63000,1000,76643,1986,,
20777,39,13446,-6,0,1986,,
27182,48,32000,1500,1500,1986,,
22038,48,38000,500,500,1986,,
24534,26,40000,9000,38082,1986,,
37373,37,50000,-6,77917,1986,,
19726,26,2650,0,0,1986,,
21347,18,12003,0,27722,1986,,
26145,42,25000,0,1125,1986,,
15962,42,58000,6000,56150,1986,,
16812,42,21000,550,5771,1986,,
22177,39,25000,370,10211,1986,,
21241,39,54000,-6,20544,1986,,
28427,5,25000,-6,0,1986,,
19142,5,45000,-6,10791,1986,,
26245,5,62072,-6,0,1986,,
4510,34,75000,-6,36961,1986,,
29571,42,6684,0,0,1986,,
44713,36,5714,-6,29356,1986,,
23851,18,35000,74,74,1986,,
29258,42,8189,0,6338,1986,,
24798,42,18000,0,2670,1986,,
23724,39,32000,400,37713,1986,,
36390,12,16000,-6,0,1986,,
29488,41,13889,-6,0,1986,,
24743,6,64000,1500,113040,1986,,
37923,6,42429,2000,38106,1986,,
54938,6,5510,0,0,1986,,
9672,6,63781,-6,344488,1986,,
69801,21,102067,-6,0,1986,,
150972,23,12500,0,0,1986,,
16213,17,6189,-6,24519,1986,,
35505,42,35500,250,7239,1986,,
32367,6,25000,1800,67998,1986,,
30998,51,26000,1200,130090,1986,,
36714,42,10000,0,718,1986,,
86556,12,11500,108,108,1986,,
11394,34,42500,100,70570,1986,,
21277,34,27000,700,30467,1986,,
24393,5,15000,-6,0,1986,,
19910,48,36000,0,88090,1986,,
16604,5,40000,40,32603,1986,,
25386,8,3600,0,0,1986,,
24895,8,7000,-6,0,1986,,
13966,46,25000,750,4765,1986,,
4844,46,10000,0,0,1986,,
6257,46,19500,0,7699,1986,,
13624,9,80000,2500,133030,1986,,
32754,9,25543,300,20498,1986,,
28791,25,50000,500,7648,1986,,
12431,25,51495,-6,7716,1986,,
19874,18,40000,-6,17102,1986,,
20898,34,60000,-6,0,1986,,
96769,34,42000,3000,6805,1986,,
14213,26,130000,-6,0,1986,,
22999,46,31000,-6,6880,1986,,
19693,46,1000,0,37,1986,,
55246,6,20000,0,2303,1986,,
33869,6,75000,-6,28452,1986,,
41103,6,30000,0,745,1986,,
31320,6,70000,6000,101044,1986,,
25284,49,23000,1000,1000,1986,,
18919,34,14500,-6,0,1986,,
21532,4,37000,900,41642,1986,,
28080,5,7544,0,0,1986,,
30101,5,27059,0,0,1986,,
20016,5,25000,100,5645,1986,,
48229,5,21383,-6,0,1986,,
39593,17,30000,2500,2500,1986,,
21415,18,28000,249,4480,1986,,
30091,6,150000,-6,487720,1986,,
18358,42,24000,55,12724,1986,,
21310,22,15000,-6,0,1986,,
24168,22,20000,0,7500,1986,,
21151,22,46127,328,328,1986,,
25894,8,5062,500,500,1986,,
28736,48,28000,35,4202,1986,,
36039,5,18000,800,800,1986,,
26077,26,25000,-6,112699,1986,,
21714,53,70000,2600,45504,1986,,
22434,53,35611,800,47998,1986,,
16301,49,21800,-6,31444,1986,,
31708,39,17586,0,0,1986,,
20683,39,40000,500,33885,1986,,
315841,23,19500,500,128788,1986,,
31637,23,30000,754,30534,1986,,
26574,9,8400,0,8491,1986,,
67118,9,2571,0,0,1986,,
34913,9,36000,2500,6048,1986,,
40394,13,25000,0,9890,1986,,
25583,13,74452,282,42125,1986,,
126191,13,8000,0,0,1986,,
53272,1,800,0,19821,1986,,
27370,17,50000,-6,13356,1986,,
33538,34,30000,800,11327,1986,,
28118,13,11700,0,4918,1986,,
204078,9,28000,200,6619,1986,,
30101,39,4740,0,0,1986,,
25846,39,40836,1500,26411,1986,,
39606,42,28700,90,5990,1986,,
38674,42,22000,450,24272,1986,,
24600,27,30000,80,79017,1986,,
32946,51,42773,2000,2261,1986,,
49808,51,87852,500,36235,1986,,
16482,34,70000,500,29083,1986,,
19413,34,55000,500,62908,1986,,
16452,45,25000,0,0,1986,,
29698,42,95000,1500,9585,1986,,
35728,36,45000,2000,18136,1986,,
35744,12,46018,-6,93217,1986,,
18496,19,23258,0,0,1986,,
30713,6,26980,-6,44752,1986,,
56050,6,22000,0,0,1986,,
38885,6,18000,1900,4891,1986,,
18559,5,44000,800,21391,1986,,
55619,5,19000,98,98,1986,,
23927,5,19110,0,0,1986,,
43964,5,5765,0,0,1986,,
18628,5,33000,2800,6115,1986,,
26024,5,4000,0,0,1986,,
23882,41,20000,-6,23994,1986,,
35684,13,7000,0,286,1986,,
21791,13,8000,0,2015,1986,,
22774,12,32000,1058,26707,1986,,
27300,12,35000,600,21233,1986,,
54195,12,44000,-6,22022,1986,,
58476,12,40000,-6,9858,1986,,
21076,19,15500,100,100,1986,,
32511,6,24000,12000,192160,1986,,
20475,39,32500,0,10788,1986,,
24252,39,15000,-6,0,1986,,
55584,6,38000,250,1338,1986,,
37075,25,22000,1000,4958,1986,,
19591,39,54434,-6,0,1986,,
20330,39,51000,900,12704,1986,,
41102,54,5000,0,300,1986,,
33301,48,40000,0,0,1986,,
21458,48,37750,-6,26128,1986,,
25971,24,35000,4000,63697,1986,,
36720,39,12000,-6,2959,1986,,
16051,22,25000,-6,0,1986,,
6114,37,6383,1000,2334,1986,,
26278,37,7000,0,0,1986,,
37414,37,40000,1000,1000,1986,,
35053,42,5000,0,0,1986,,
20620,12,35900,4000,149842,1986,,
25125,12,47000,2500,36078,1986,,
25637,54,7200,150,150,1986,,
28629,41,40148,484,47624,1986,,
51361,22,21000,0,7708,1986,,
26114,41,26000,1000,11506,1986,,
29109,41,25000,400,40120,1986,,
33569,41,28000,-6,48534,1986,,
27004,41,52000,-6,101057,1986,,
31411,34,32000,1500,10950,1986,,
47830,34,34000,700,700,1986,,
116097,6,10776,0,0,1986,,
37758,6,50000,150,3708,1986,,
9878,37,4901,0,0,1986,,
32382,6,6120,-6,0,1986,,
21125,5,17000,0,0,1986,,
19601,19,30000,2000,31984,1986,,
186185,19,2000,0,0,1986,,
55326,48,15000,0,0,1986,,
28152,5,80000,200,68096,1986,,
7648,5,145492,-6,7329,1986,,
21192,42,15000,300,300,1986,,
27124,22,5280,20,20,1986,,
16711,22,30000,750,34406,1986,,
24405,37,17545,0,4023,1986,,
21997,42,12000,-6,6242,1986,,
34963,36,75000,11000,112777,1986,,
26720,6,50000,-6,103488,1986,,
13692,6,42000,1800,64537,1986,,
23797,17,16872,-6,0,1986,,
18355,17,66000,800,42737,1986,,
27102,39,30000,-6,0,1986,,
21282,31,17000,-6,0,1986,,
43203,31,6000,0,0,1986,,
26887,31,22000,1200,14670,1986,,
20844,17,34000,9000,77738,1986,,
43068,6,28000,1072,21690,1986,,
22022,39,15000,350,350,1986,,
29880,39,39500,900,55853,1986,,
30748,55,25000,-6,22256,1986,,
25629,55,22257,656,28252,1986,,
17722,36,8000,0,0,1986,,
28472,31,12000,0,0,1986,,
2214,26,65000,20000,74747,1986,,
32382,12,22697,-6,5344,1986,,
27068,12,45000,-6,163819,1986,,
5677,41,23000,1000,1000,1986,,
22359,54,40000,500,5263,1986,,
20553,54,15000,1000,21401,1986,,
28683,42,75000,3000,77016,1986,,
13109,37,26000,0,42231,1986,,
40990,31,22000,0,13456,1986,,
57367,26,50000,-6,0,1986,,
18263,51,25000,5000,31821,1986,,
31759,42,6370,0,19813,1986,,
85856,53,12000,-6,0,1986,,
28606,17,60000,-6,0,1986,,
22818,6,12238,0,20178,1986,,
34047,39,2800,0,0,1986,,
18330,39,25000,-6,18173,1986,,
34511,5,3948,0,0,1986,,
42119,27,68700,-6,0,1986,,
29393,5,9987,0,1467,1986,,
29057,23,26000,0,7266,1986,,
37742,23,23000,1600,20089,1986,,
23588,39,47830,200,45608,1986,,
32896,39,8000,36,7836,1986,,
30091,34,36700,350,13494,1986,,
10398,36,25000,-6,0,1986,,
21611,19,11835,816,816,1986,,
20032,5,30000,-6,6936,1986,,
23252,40,32000,1200,20365,1986,,
27228,40,14000,0,5810,1986,,
21872,31,20000,0,4168,1986,,
22080,56,65000,500,77217,1986,,
25744,39,34000,2000,7814,1986,,
19630,25,38000,0,48625,1986,,
17803,25,10670,100,10452,1986,,
16286,25,42000,1500,6505,1986,,
23220,55,45000,300,22485,1986,,
22791,55,60000,900,93007,1986,,
25751,48,45000,-6,67595,1986,,
45168,48,21000,2500,49614,1986,,
45537,53,-6,0,59,1986,,
26392,5,25000,0,0,1986,,
32310,5,15000,15000,16345,1986,,
16935,5,1721,1754,15905,1986,,
38459,54,31000,-6,16931,1986,,
43138,54,18000,500,6296,1986,,
35069,25,12000,0,26327,1986,,
26713,25,42000,0,37909,1986,,
44593,6,20000,782,26985,1986,,
20527,5,40000,4000,4000,1986,,
52567,5,9000,0,337,1986,,
55446,36,50000,3500,3500,1986,,
54021,24,35000,2000,10684,1986,,
54067,51,36623,-6,0,1986,,
12998,51,115000,-6,120402,1986,,
20410,17,43600,2000,16199,1986,,
67078,27,48000,7000,61146,1986,,
12480,39,40000,200,32491,1986,,
31628,24,36310,-6,12593,1986,,
26154,54,23506,-6,0,1986,,
35082,51,50000,2000,54734,1986,,
61645,51,57000,3000,3000,1986,,
29612,51,23000,1300,79146,1986,,
15565,51,90000,-6,62386,1986,,
49143,54,15900,-6,0,1986,,
48123,51,21235,1685,1685,1986,,
31746,27,75000,-6,97832,1986,,
25264,18,32000,-6,81476,1986,,
25631,40,35000,1090,15779,1986,,
23197,37,20092,229,4429,1986,,
17199,34,56000,7000,22511,1986,,
94207,31,35000,-6,36079,1986,,
20665,31,21500,500,27910,1986,,
75784,6,4000,-6,0,1986,,
37080,6,48000,-6,83999,1986,,
31694,11,19000,2500,2500,1986,,
20692,39,50000,171,171,1986,,
132516,6,6000,0,0,1986,,
26892,6,45000,350,82927,1986,,
217088,6,48000,0,0,1986,,
20124,29,6804,0,0,1986,,
33563,40,3000,-6,0,1986,,
16042,39,75000,-6,58695,1986,,
22943,31,21380,-6,0,1986,,
37712,27,100000,-6,206618,1986,,
99002,6,14000,0,3136,1986,,
26123,13,32000,0,26476,1986,,
36367,5,25000,723,22903,1986,,
17118,5,34000,1500,35253,1986,,
33403,48,30000,-6,6585,1986,,
33899,36,38553,2000,2000,1986,,
13491,36,135188,-6,0,1986,,
30592,54,16000,-6,0,1986,,
3696,22,70000,0,404269,1986,,
18804,22,42000,-6,0,1986,,
44811,4,50000,5000,64072,1986,,
18637,26,25000,1500,1500,1986,,
17586,26,51000,4500,68629,1986,,
21774,8,4968,0,0,1986,,
33223,8,6000,-6,0,1986,,
75759,8,12000,200,4844,1986,,
21878,53,45000,3500,46699,1986,,
49462,53,30122,1100,21863,1986,,
52960,2,25000,200,200,1986,,
20561,22,8910,-6,31408,1986,,
39744,22,16000,0,31366,1986,,
57289,8,22481,0,2529,1986,,
22526,8,7800,0,0,1986,,
6799,8,4100,0,0,1986,,
13341,8,10000,0,8067,1986,,
22380,5,4236,0,0,1986,,
36419,8,14000,0,3973,1986,,
20957,22,-4,0,79884,1986,,
25100,22,11500,0,5605,1986,,
21434,22,14812,0,0,1986,,
18743,37,25000,3000,21379,1986,,
25246,26,14746,0,0,1986,,
12648,26,30000,-6,33628,1986,,
24094,17,27398,1375,23499,1986,,
17003,17,34000,400,11593,1986,,
18588,45,15000,300,17541,1986,,
18223,45,10000,300,20100,1986,,
25506,8,4080,0,0,1986,,
19939,36,100000,-6,107913,1986,,
8040,36,55000,-6,0,1986,,
36411,36,70000,2500,84077,1986,,
23515,42,13438,300,300,1986,,
34890,6,45000,-6,0,1986,,
39308,6,35000,-6,0,1986,,
47091,37,27000,100,3100,1986,,
22724,19,23760,-6,36486,1986,,
26314,19,12000,0,131250,1986,,
43317,6,50000,5000,17674,1986,,
27883,12,20000,90,90,1986,,
29785,13,65000,2000,42220,1986,,
26461,37,40000,1000,170829,1986,,
31640,6,36000,-6,0,1986,,
22848,37,30000,-6,44718,1986,,
25115,27,15000,1888,31896,1986,,
32167,24,16018,0,5378,1986,,
36472,29,42000,1000,46080,1986,,
17500,36,48000,-6,3110,1986,,
21583,37,25000,900,7861,1986,,
102404,6,22791,0,25032,1986,,
17393,34,40000,200,36402,1986,,
10616,37,55000,0,755,1986,,
29858,48,35000,200,64002,1986,,
24658,48,45000,-6,25000,1986,,
22401,5,20000,850,1090,1986,,
59042,5,10000,0,0,1986,,
27179,41,25000,1800,14291,1986,,
8817,41,21000,-6,51731,1986,,
8875,41,28000,500,2186,1986,,
25973,41,57800,15000,61548,1986,,
46694,26,19000,0,10007,1986,,
24972,13,23000,70,1187,1986,,
19432,13,47000,1500,64295,1986,,
25437,13,13000,1300,5871,1986,,
16210,13,17460,0,0,1986,,
41166,51,18000,826,826,1986,,
22602,51,50000,2600,27607,1986,,
19920,22,14000,0,1505,1986,,
24590,27,42000,-6,38699,1986,,
20364,39,60000,1200,3966,1986,,
17256,39,18000,0,0,1986,,
22430,31,6498,500,500,1986,,
18981,19,47000,0,29937,1986,,
128685,21,58000,2500,69684,1986,,
43205,29,12000,941,941,1986,,
24873,1,17000,1200,1200,1986,,
34607,45,6800,0,626,1986,,
25375,42,20000,-6,7366,1986,,
14074,6,200000,-6,153745,1986,,
25629,26,11000,0,1938,1986,,
21464,39,21000,1200,14397,1986,,
29843,26,31344,3500,52647,1986,,
22077,39,20000,0,687,1986,,
22150,39,34000,300,822,1986,,
73391,37,30000,200,4419,1986,,
40160,51,29566,0,9960,1986,,
44015,23,4800,500,500,1986,,
37020,40,51000,500,17442,1986,,
22959,26,28200,0,3676,1986,,
10309,42,70000,1600,214170,1986,,
21506,39,31000,-6,0,1986,,
33991,48,12000,400,3234,1986,,
19789,39,10512,-6,16189,1986,,
28760,17,16000,-6,16005,1986,,
20833,22,25000,0,0,1986,,
330218,6,60000,5500,73861,1986,,
7545,22,6400,0,5992,1986,,
15310,22,29000,1800,13385,1986,,
54317,42,16600,-6,0,1986,,
27733,42,5904,900,900,1986,,
50149,36,14748,0,0,1986,,
53944,48,25000,-6,0,1986,,
18153,34,35000,0,50436,1986,,
4525,36,150000,-6,0,1986,,
20389,4,35000,3000,62407,1986,,
35216,36,55335,2500,2500,1986,,
39033,17,13000,1000,13608,1986,,
34945,17,7000,200,200,1986,,
34875,48,18000,-6,19625,1986,,
23631,55,40000,2000,19205,1986,,
25547,55,65000,-6,11289,1986,,
28236,24,45000,3000,49419,1986,,
35368,47,3707,0,1990,1986,,
22208,37,21004,0,7516,1986,,
13916,13,44000,2000,49026,1986,,
30447,45,60000,-6,0,1986,,
24074,17,35000,0,49458,1986,,
36735,17,17000,200,5059,1986,,
31430,17,3192,0,0,1986,,
65518,34,25000,-6,0,1986,,
29445,37,43000,0,3854,1986,,
7253,37,6000,80,80,1986,,
25675,9,12149,-6,0,1986,,
28887,21,30100,-6,0,1986,,
44266,37,5000,0,903,1986,,
36087,23,12000,0,30765,1986,,
25446,34,23500,-6,0,1986,,
25868,37,14500,0,16437,1986,,
55037,21,5355,0,0,1986,,
32469,21,4614,0,2268,1986,,
29956,27,30000,-6,0,1986,,
40045,6,23000,0,8387,1986,,
27465,18,24000,1120,1120,1986,,
23159,18,60000,500,49878,1986,,
36184,25,35000,0,0,1986,,
32465,40,4658,0,0,1986,,
3591,25,130000,1500,66375,1986,,
10570,25,61578,1800,86312,1986,,
15719,25,34000,0,20879,1986,,
6111,26,30000,-6,23851,1986,,
4731,26,25000,-6,0,1986,,
27546,37,15000,-6,0,1986,,
21786,37,21000,0,25671,1986,,
15465,26,42000,200,58745,1986,,
22232,12,52000,-6,35016,1986,,
29387,37,2000,0,466,1986,,
37039,37,25854,-6,0,1986,,
34433,51,10000,0,1428,1986,,
31417,29,48000,1400,42725,1986,,
26307,51,47000,250,6464,1986,,
35470,23,26000,1000,7419,1986,,
36364,48,16000,0,20310,1986,,
27726,37,11568,0,4321,1986,,
23701,37,32000,1000,15423,1986,,
21236,37,17000,2200,2200,1986,,
38087,39,10715,0,475,1986,,
88868,36,25000,-6,0,1986,,
41474,36,30000,-6,4254,1986,,
42035,36,32500,2000,11479,1986,,
22625,19,18000,-6,0,1986,,
39508,36,19800,900,1862,1986,,
33814,13,33250,800,11634,1986,,
22118,13,4392,0,9650,1986,,
20538,17,23000,0,46462,1986,,
24704,17,40000,1583,89712,1986,,
113716,34,21000,-6,0,1986,,
17276,34,169627,-6,15660,1986,,
165045,37,21000,0,2915,1986,,
20953,37,24000,500,7391,1986,,
64722,6,5300,-6,9044,1986,,
22869,22,12000,-6,0,1986,,
118652,39,14000,0,1195,1986,,
33378,13,55000,-6,9097,1986,,
22753,13,26025,-6,5358,1986,,
23029,5,25407,-6,5524,1986,,
12266,5,25000,200,48223,1986,,
19244,17,24000,-6,35998,1986,,
15787,34,31000,0,50808,1986,,
27261,34,12000,0,0,1986,,
24381,34,28000,300,300,1986,,
35472,49,100000,1000,6299,1986,,
25939,37,45100,2350,57164,1986,,
34795,45,16000,2000,4888,1986,,
10690,45,35000,800,48006,1986,,
57735,12,8571,0,0,1986,,
22142,25,54000,5000,88140,1986,,
62173,25,15000,1500,1753,1986,,
40977,23,37000,1250,33981,1986,,
13194,46,17000,-6,315,1986,,
41058,5,23000,200,33254,1986,,
37377,24,34000,73,18670,1986,,
80648,24,35605,0,0,1986,,
15994,46,50000,2000,33038,1986,,
28089,26,72888,-6,0,1986,,
12927,34,40000,-6,31828,1986,,
16700,34,62000,-6,33945,1986,,
28017,29,34000,550,1237,1986,,
44200,48,12920,-6,0,1986,,
48793,6,16200,-6,0,1986,,
32845,6,32000,-6,21169,1986,,
29965,23,18000,1200,18149,1986,,
22165,42,15000,0,0,1986,,
32137,19,28000,2000,24780,1986,,
33279,46,42000,350,15705,1986,,
14157,46,26000,-6,49567,1986,,
62699,23,20013,0,32626,1986,,
21832,37,45000,-6,45843,1986,,
18403,37,20500,-6,33622,1986,,
18694,45,18000,0,12913,1986,,
37103,48,30000,7000,12872,1986,,
79170,36,10500,-6,0,1986,,
32184,36,68000,200,28637,1986,,
24215,27,27000,-6,59973,1986,,
64188,26,3612,0,0,1986,,
28026,21,800,389,12389,1986,,
38250,40,24000,3000,14488,1986,,
22567,39,3000,1600,17364,1986,,
22077,39,30000,500,40453,1986,,
46450,37,11000,0,33029,1986,,
52713,37,40000,0,21522,1986,,
27439,42,31000,1500,1500,1986,,
95961,24,10000,0,0,1986,,
26888,6,5700,0,1714,1986,,
49631,17,7761,0,0,1986,,
20475,37,28000,0,12955,1986,,
22264,37,17000,600,26872,1986,,
28646,37,9515,0,0,1986,,
24893,19,10000,-6,32651,1986,,
20436,19,28210,100,3307,1986,,
18819,17,45000,500,55973,1986,,
36695,17,60000,5000,58686,1986,,
19417,17,25000,-6,16948,1986,,
25344,17,20000,1500,13197,1986,,
22649,17,4464,400,400,1986,,
17699,17,21000,500,9809,1986,,
43449,4,16000,3200,3200,1986,,
32250,4,38000,-6,26352,1986,,
37031,37,24000,0,4101,1986,,
17193,37,14000,0,28025,1986,,
37685,37,7016,0,0,1986,,
24352,41,35000,4500,57537,1986,,
60586,6,50000,-6,0,1986,,
7332,17,75000,900,41444,1986,,
28408,27,33000,1500,86509,1986,,
38527,27,24000,-6,0,1986,,
20069,17,32000,0,11142,1986,,
29881,17,26000,0,5583,1986,,
19564,17,3948,0,0,1986,,
38220,36,12034,-6,0,1986,,
30011,36,40000,900,117070,1986,,
3766,53,140000,250,20652,1986,,
15710,36,10400,0,172,1986,,
35168,24,10296,0,0,1986,,
20827,37,15000,-6,0,1986,,
26843,17,6960,-6,14920,1986,,
25139,25,30000,1356,53154,1986,,
32613,4,85000,3000,132830,1986,,
18258,17,14400,0,44475,1986,,
38847,5,6561,0,1598,1986,,
18716,5,17000,500,78843,1986,,
30017,5,37000,0,18471,1986,,
27065,25,57743,500,15060,1986,,
19848,39,43000,200,64334,1986,,
64188,6,26000,210,210,1986,,
16566,25,55000,-6,176464,1986,,
47018,53,27000,-6,0,1986,,
182262,6,85000,-6,124035,1986,,
25661,37,28000,1500,34000,1986,,
13794,54,35000,-6,45898,1986,,
31791,42,15000,-6,0,1986,,
23832,17,54864,816,816,1986,,
26899,37,12000,0,1874,1986,,
5298,26,35000,-6,3683,1986,,
18955,26,100000,500,32398,1986,,
17034,26,42000,2000,9306,1986,,
31873,17,45000,600,44423,1986,,
4794,26,300000,-6,199788,1986,,
21299,26,40000,1500,43137,1986,,
22529,6,20000,1000,1000,1986,,
24515,19,16000,-6,0,1986,,
25074,1,40000,600,3885,1986,,
23386,12,100000,-6,56737,1986,,
14599,37,35000,2000,44688,1986,,
28026,37,21500,-6,23611,1986,,
18857,37,22000,0,7738,1986,,
21994,37,32000,-6,10160,1986,,
15200,46,27000,300,6246,1986,,
52534,53,40000,-6,0,1986,,
67275,29,16000,0,2851,1986,,
24576,29,15000,0,49130,1986,,
25430,29,4906,0,0,1986,,
10287,29,1724,0,4295,1986,,
12763,40,40000,6000,106970,1986,,
78370,40,8000,3000,3000,1986,,
153776,39,36000,2600,22429,1986,,
42041,36,27000,0,968,1986,,
44181,39,17000,870,36359,1986,,
54263,39,26000,-6,872,1986,,
68242,36,24000,1400,9201,1986,,
38710,27,13000,0,0,1986,,
36949,36,22392,1000,1000,1986,,
31795,36,60000,-6,91173,1986,,
12003,51,60000,-6,178896,1986,,
52769,22,5815,0,0,1986,,
34189,22,4800,-6,7710,1986,,
10204,5,20000,2500,7089,1986,,
8791,47,25000,-6,55223,1986,,
19011,5,33000,0,6774,1986,,
17769,39,15000,250,7264,1986,,
11937,6,32000,1700,46580,1986,,
22274,40,12000,50,52312,1986,,
18992,12,48000,600,45653,1986,,
35188,23,20000,0,30000,1986,,
5367,39,100000,-6,50464,1986,,
22417,39,48000,-6,0,1986,,
37940,6,5000,1325,7110,1986,,
40110,23,18000,-6,0,1986,,
61859,6,25000,9000,10559,1986,,
24246,26,50000,-6,0,1986,,
26897,27,21000,1600,8854,1986,,
59220,48,7080,0,0,1986,,
8954,29,22000,4500,66236,1986,,
12321,17,1000,0,0,1986,,
27058,1,8034,0,0,1986,,
33874,37,6000,0,0,1986,,
21263,17,24000,3000,27918,1986,,
24363,54,26000,1200,31373,1986,,
14968,54,34000,2500,18963,1986,,
1260,26,256000,900,84766,1986,,
25048,17,31000,0,0,1986,,
20297,44,32000,-6,64008,1986,,
10056,25,100000,-6,57261,1986,,
29115,49,23000,1200,18059,1986,,
23277,49,23000,500,30771,1986,,
24371,21,29000,1000,20810,1986,,
37655,29,1935,0,0,1986,,
96253,29,10000,0,1846,1986,,
18495,17,6507,0,0,1986,,
23573,29,40000,0,2425,1986,,
100277,39,88000,-6,0,1986,,
37627,39,31000,0,5498,1986,,
48539,17,45000,617,31356,1986,,
12128,29,5500,700,700,1986,,
105220,29,3312,0,0,1986,,
27517,29,16400,2000,29304,1986,,
26667,29,28000,0,0,1986,,
21753,29,76645,-6,73408,1986,,
15962,48,53000,-6,101514,1986,,
100244,37,16900,179,3083,1986,,
30792,37,11000,500,17154,1986,,
27421,42,30000,1500,44759,1986,,
1488,6,200000,-6,9395,1986,,
42555,27,50000,2000,42718,1986,,
34449,12,35000,500,18340,1986,,
15659,34,15065,200,200,1986,,
32140,48,25000,425,1977,1986,,
29605,5,7953,0,0,1986,,
14244,5,48000,10000,56701,1986,,
28886,46,7027,0,0,1986,,
21464,19,24000,500,500,1986,,
140818,13,20000,519,6447,1986,,
19596,17,48000,800,86361,1986,,
19979,26,80000,12000,235751,1986,,
6175,17,75000,500,202980,1986,,
28445,26,40000,600,41946,1986,,
10555,54,7176,0,0,1986,,
17576,6,60000,-6,107956,1986,,
24937,54,15600,0,0,1986,,
28061,12,14000,50,17895,1986,,
15762,29,33000,0,19897,1986,,
24519,29,9000,0,0,1986,,
17983,29,50000,-6,0,1986,,
24949,29,21691,0,7569,1986,,
24001,29,40000,-6,1674,1986,,
5923,29,7960,-6,0,1986,,
24461,29,17000,0,0,1986,,
24009,48,50000,1000,31193,1986,,
22134,29,14996,200,117552,1986,,
22140,46,5000,400,10018,1986,,
48691,34,31000,-6,9188,1986,,
34345,5,40000,855,13433,1986,,
52330,34,22000,5000,18849,1986,,
18267,46,35000,2000,62835,1986,,
22930,46,38000,-6,20432,1986,,
21521,29,18000,105,21865,1986,,
21519,29,20529,0,0,1986,,
21139,29,72000,-6,20794,1986,,
17053,34,82000,250,142618,1986,,
16856,34,60000,7000,87078,1986,,
30541,45,46041,1000,18900,1986,,
13907,45,28000,3500,13962,1986,,
16533,37,55000,-6,123174,1986,,
28213,37,5000,0,0,1986,,
26182,5,12000,200,19910,1986,,
23201,5,18000,200,17490,1986,,
17442,34,33000,5000,31124,1986,,
1977,34,41000,1700,74712,1986,,
36490,36,92500,-6,187956,1986,,
46708,48,21000,-6,0,1986,,
20540,29,22000,600,9308,1986,,
6844,34,18000,1000,1000,1986,,
49785,34,20000,0,0,1986,,
25343,49,40000,5000,41736,1986,,
26059,47,17000,1500,26211,1986,,
26688,29,2068,0,0,1986,,
23513,29,10611,0,0,1986,,
24021,12,33000,52,46844,1986,,
35225,6,12000,-6,0,1986,,
38898,40,34540,-6,0,1986,,
41494,40,20000,0,855,1986,,
22303,5,23000,-6,0,1986,,
43295,1,2000,0,0,1986,,
537,54,80000,-6,0,1986,,
24704,54,60000,332,32579,1986,,
63987,6,41000,0,7624,1986,,
32724,6,62000,3500,99872,1986,,
35237,6,36000,3000,41175,1986,,
16565,26,59000,450,69460,1986,,
19332,26,40000,200,42121,1986,,
38729,39,27000,-6,0,1986,,
26491,26,34000,3000,6716,1986,,
232186,48,15000,169,169,1986,,
34450,17,4000,0,0,1986,,
37044,27,10500,688,688,1986,,
51247,6,40000,2000,20487,1986,,
21995,34,22000,-6,0,1986,,
15858,34,50000,4500,67582,1986,,
30134,1,30669,853,46842,1986,,
30727,48,33000,1800,55106,1986,,
46795,29,7656,500,5779,1986,,
31862,29,39170,-6,0,1986,,
32183,13,9870,0,0,1986,,
47064,13,4314,100,100,1986,,
22941,13,29544,500,500,1986,,
21325,13,13032,115,2659,1986,,
29288,53,12500,-6,14345,1986,,
11953,4,50000,0,69744,1986,,
24316,49,24000,120,22853,1986,,
19134,13,26000,0,0,1986,,
70689,31,47000,-6,0,1986,,
24113,13,104000,240,21380,1986,,
28605,13,7049,-6,0,1986,,
43983,13,33000,0,36811,1986,,
28172,13,47000,1400,29808,1986,,
7592,1,7000,150,150,1986,,
12835,12,35740,500,23716,1986,,
54285,53,9500,800,800,1986,,
15889,6,19000,3500,3500,1986,,
24525,53,14671,0,0,1986,,
6250,5,15000,400,400,1986,,
6713,5,28000,1000,33660,1986,,
30583,17,30000,0,0,1986,,
45755,48,39000,300,300,1986,,
19450,6,27000,1500,20787,1986,,
15353,34,57000,5000,192238,1986,,
9909,17,33000,600,85207,1986,,
7527,17,24446,1152,56072,1986,,
21376,17,7500,150,150,1986,,
32485,17,15000,-6,0,1986,,
9054,25,42915,-6,149,1986,,
9369,25,20000,-6,0,1986,,
114793,17,50000,-6,0,1986,,
22075,17,62000,-6,0,1986,,
35150,27,35000,400,64862,1986,,
31506,27,63000,-6,43911,1986,,
22861,13,34000,1000,32863,1986,,
12412,13,29391,250,43530,1986,,
25572,13,30000,1200,17690,1986,,
37354,17,76000,700,88656,1986,,
26146,6,43000,900,4074,1986,,
45484,21,29576,0,10691,1986,,
37521,17,28000,-6,0,1986,,
28291,48,27000,1700,9081,1986,,
22741,51,26000,-6,0,1986,,
28661,54,45000,300,34198,1986,,
21857,54,9305,0,0,1986,,
16511,34,120000,2500,228816,1986,,
51859,6,5107,-6,0,1986,,
18962,5,34000,800,8230,1986,,
26717,6,16000,1275,25435,1986,,
13807,48,20520,0,16707,1986,,
29531,48,30000,2400,2400,1986,,
32081,19,7000,0,30000,1986,,
30960,21,22500,-6,14665,1986,,
46879,21,3366,0,0,1986,,
27365,37,14015,0,0,1986,,
18439,48,32000,-6,99492,1986,,
33135,48,27219,250,5962,1986,,
72906,25,22500,1500,1500,1986,,
27564,6,45000,-6,0,1986,,
66374,6,10000,1300,28908,1986,,
11816,48,23000,0,16090,1986,,
12445,48,8889,0,0,1986,,
19001,13,66870,1178,116566,1986,,
21319,37,130000,-6,53890,1986,,
53893,51,29959,600,8210,1986,,
27337,51,13000,-6,0,1986,,
32106,51,15000,3000,4145,1986,,
26498,42,5900,-6,0,1986,,
10347,51,55000,250,83501,1986,,
64061,51,20000,600,7098,1986,,
24374,48,49000,1200,46663,1986,,
21013,42,4816,600,4235,1986,,
17551,5,102000,-6,0,1986,,
8621,29,4200,0,565,1986,,
19013,39,35000,5000,17067,1986,,
19688,37,77000,-6,76290,1986,,
59755,37,20000,270,15711,1986,,
48886,36,27000,400,1880,1986,,
7156,40,110000,-6,158556,1986,,
51227,1,11051,0,19264,1986,,
21081,37,20000,0,66111,1986,,
24327,37,41242,-6,3055,1986,,
20815,37,28000,0,6167,1986,,
21191,37,17000,174,25470,1986,,
21502,54,40000,2000,31041,1986,,
25496,54,7107,50,50,1986,,
21529,54,50000,-6,34549,1986,,
23488,1,28204,2000,3952,1986,,
20438,54,45000,140,17700,1986,,
17012,34,35000,1052,83245,1986,,
41506,34,97000,2000,2000,1986,,
44898,6,60000,600,600,1986,,
36489,29,18000,0,2606,1986,,
21191,54,3000,28,28,1986,,
18971,17,40000,-6,61346,1986,,
18657,36,22500,0,0,1986,,
18018,39,25000,-6,0,1986,,
27772,28,10000,0,0,1986,,
175192,48,15000,0,0,1986,,
80754,24,13770,0,0,1986,,
19558,37,21000,-6,7935,1986,,
24419,8,5000,0,0,1986,,
19973,39,14000,-6,0,1986,,
21985,26,5000,0,0,1986,,
30024,27,52000,250,30445,1986,,
28087,28,25000,970,2194,1986,,
21307,28,38000,-6,38661,1986,,
20143,42,40000,1200,44279,1986,,
23809,28,35000,1000,24494,1986,,
18660,42,35000,500,6404,1986,,
25905,28,12000,0,34133,1986,,
156910,28,13000,700,28253,1986,,
33779,6,21711,-6,15811,1986,,
30590,6,29278,-6,44388,1986,,
11674,42,16120,0,0,1986,,
35399,25,9772,-6,0,1986,,
31554,39,21200,300,300,1986,,
22042,17,52000,100,56898,1986,,
22053,26,39000,-6,26130,1986,,
21646,26,18554,0,0,1986,,
19799,26,80000,100,23268,1986,,
66432,36,55000,3000,61776,1986,,
19697,17,23000,1100,8869,1986,,
18962,34,105000,700,70707,1986,,
16983,34,21000,127,28589,1986,,
26582,34,54000,5000,12112,1986,,
13305,34,42300,7000,97179,1986,,
38077,54,19000,700,58343,1986,,
7163,6,60000,-6,59689,1986,,
29064,6,42000,2800,87567,1986,,
28297,21,30000,2500,16180,1986,,
33179,55,13200,-6,0,1986,,
24630,55,30000,0,0,1986,,
119573,42,30951,0,0,1986,,
50966,54,30000,0,0,1986,,
25607,54,14000,100,100,1986,,
18285,5,31000,-6,37147,1986,,
33288,6,57000,-6,109914,1986,,
112953,25,19000,150,150,1986,,
29648,36,32000,-6,0,1986,,
15955,34,42000,46,46,1986,,
12469,48,81082,-6,39547,1986,,
9553,48,92000,1200,78908,1986,,
3257,48,175000,4000,13042,1986,,
14464,25,35000,1000,45849,1986,,
25901,25,145000,-6,19403,1986,,
39636,6,8000,0,0,1986,,
32552,25,60000,-6,55504,1986,,
30383,25,30778,-6,10013,1986,,
23412,29,32000,600,33305,1986,,
24608,29,9000,-6,30314,1986,,
22260,37,18500,-6,390,1986,,
37323,5,18000,350,350,1986,,
19986,36,28000,0,0,1986,,
53782,42,18000,0,2745,1986,,
42841,42,5829,0,0,1986,,
32026,42,2012,0,0,1986,,
32246,42,23701,500,68845,1986,,
5791,26,13590,200,200,1986,,
20958,21,35000,0,39411,1986,,
24253,28,12500,2500,5370,1986,,
24723,28,18112,1600,14073,1986,,
40601,45,30000,-6,33428,1986,,
36220,6,8000,400,400,1986,,
22478,49,25000,200,43755,1986,,
27995,49,3000,0,12156,1986,,
19454,49,30000,1000,46882,1986,,
24224,49,53000,0,52720,1986,,
29005,49,32000,1800,48324,1986,,
24523,49,24000,-6,0,1986,,
18634,49,27000,3000,107809,1986,,
24520,28,13000,1000,4782,1986,,
19886,28,25000,200,8856,1986,,
40151,34,37007,0,0,1986,,
18502,17,27000,-6,5445,1986,,
63592,48,31000,0,585,1986,,
20922,49,41000,3000,66525,1986,,
23808,49,10000,-6,0,1986,,
69407,48,50000,-6,4766,1986,,
3205,0,200000,-6,19420,1986,,
28655,40,10000,-6,2335,1986,,
36175,49,18000,-6,0,1986,,
29571,49,6000,0,0,1986,,
25955,49,45000,-6,0,1986,,
35861,49,16382,0,0,1986,,
16532,34,90000,-6,13525,1986,,
996,17,592000,1500,1500,1986,,
38165,6,66000,2000,115383,1986,,
10015,37,7323,-6,0,1986,,
31022,29,6000,0,3157,1986,,
30651,29,25000,700,1135,1986,,
54775,29,8500,0,0,1986,,
31153,19,17000,700,2590,1986,,
23142,51,25798,6000,102032,1986,,
21880,25,50000,-6,128526,1986,,
86754,12,22000,0,0,1986,,
42193,4,12000,-6,0,1986,,
60396,25,55000,-6,8219,1986,,
8032,51,85000,-6,31458,1986,,
16396,26,21119,1200,16341,1986,,
28532,29,15000,0,0,1986,,
42955,4,28000,-6,0,1986,,
14935,29,40000,3500,42795,1986,,
22793,25,23000,800,11994,1986,,
21211,34,9000,-6,0,1986,,
34587,23,40000,400,9361,1986,,
23804,23,10000,0,0,1986,,
100632,41,4272,0,0,1986,,
21729,37,21000,1000,17748,1986,,
32953,27,9000,1890,3231,1986,,
22926,39,49000,0,0,1986,,
25054,13,50000,2000,28299,1986,,
37997,13,17800,0,14604,1986,,
35685,51,4163,-6,0,1986,,
3428,0,188811,-6,203098,1986,,
3170,0,500000,-6,60006,1986,,
3314,0,104877,-6,896262,1986,,
1215,0,320000,-6,0,1986,,
11685,0,120000,-6,43874,1986,,
9391,0,328556,3550,25611,1986,,
1200,0,2500000,-6,79866,1986,,
3437,0,100000,-6,0,1986,,
9836,0,40000,-6,56389,1986,,
561,0,950000,-6,0,1986,,
522,0,3177768,0,0,1986,,
1143,0,120000,-6,143989,1986,,
3432,0,21000,-6,0,1986,,
16793,0,120000,-6,0,1986,,
22767,13,50000,-6,12526,1986,,
23201,13,25000,0,38751,1986,,
23011,49,32000,-6,39327,1986,,
7573,17,24000,0,0,1986,,
12542,5,20000,0,5103,1986,,
17165,5,38000,2000,44417,1986,,
9362,0,150000,-6,0,1986,,
31648,6,37000,1200,158849,1986,,
1202,0,350000,-6,0,1986,,
8410,0,75000,100,100,1986,,
23023,13,28000,1400,39959,1986,,
22227,13,35000,-6,2681,1986,,
25472,48,32000,-6,20967,1986,,
33372,36,12000,2000,7031,1986,,
22987,8,25000,0,33813,1986,,
23346,8,12000,2000,29688,1986,,
35213,9,25000,364,364,1986,,
24769,48,50000,-6,67368,1986,,
39461,29,15000,-6,35616,1986,,
6314,34,58500,-6,213252,1986,,
31929,37,11000,0,38103,1986,,
25804,48,19000,3500,33937,1986,,
11623,0,125000,-6,0,1986,,
1393,0,194559,-6,0,1986,,
1695,0,175000,2500,188406,1986,,
542,0,2000000,-6,5099987,1986,,
150,0,4000000,-6,1888884,1986,,
11310,0,-200000,-6,8184742,1986,,
1115,0,225000,-6,763446,1986,,
8446,0,160000,-6,0,1986,,
3639,0,80000,-6,0,1986,,
3676,0,230000,-6,224102,1986,,
9732,0,100000,-6,0,1986,,
537,0,200000,-6,372791,1986,,
29524,0,150000,-6,63537,1986,,
564,0,400000,-6,715,1986,,
3469,0,1000000,-6,0,1986,,
6382,0,140000,-6,35323,1986,,
520,0,550000,-6,0,1986,,
34398,17,20100,2900,2900,1986,,
42973,17,26000,-6,0,1986,,
19439,17,40000,75,50828,1986,,
42445,6,33805,200,200,1986,,
40750,42,17000,500,500,1986,,
211725,42,4380,0,2500,1986,,
19704,46,37000,1000,12998,1986,,
2162,36,150000,2000,371352,1986,,
24035,36,84000,15000,75270,1986,,
38569,36,85157,483,61199,1986,,
21868,13,30439,2000,51573,1986,,
17482,34,27000,2000,65131,1986,,
23420,12,30000,1200,3163,1986,,
6215,0,110000,-6,43793,1986,,
3312,0,120000,-6,425007,1986,,
1256,0,176757,-6,116345,1986,,
1968,0,250000,-6,0,1986,,
3405,0,300000,16000,289060,1986,,
3678,0,68308,-6,71472,1986,,
11467,0,120000,-6,13535,1986,,
3107,0,85000,-6,15317,1986,,
1102,0,500000,-6,59037,1986,,
1095,0,250000,-6,0,1986,,
280,0,1500000,-6,446768,1986,,
1248,0,380000,-6,264477,1986,,
3472,0,350000,-6,99148,1986,,
1107,0,107375,0,134662,1986,,
13053,0,50000,-6,0,1986,,
3430,0,200000,-6,159506,1986,,
3492,0,200000,1384,222806,1986,,
1200,0,750000,-6,165113,1986,,
3590,0,230000,-6,261149,1986,,
11005,0,70000,-6,0,1986,,
1212,0,690000,-6,590560,1986,,
11539,0,105000,0,0,1986,,
3189,0,300000,-6,82529,1986,,
1215,0,225000,-6,0,1986,,
515,0,500000,-6,242707,1986,,
524,0,200000,-6,14560,1986,,
12820,49,49000,500,42321,1986,,
24720,49,20000,-6,0,1986,,
42526,49,22000,1000,1000,1986,,
25443,6,16500,2200,6439,1986,,
33611,49,9000,10000,10000,1986,,
13031,36,7000,100,100,1986,,
26795,53,30000,800,11575,1986,,
32923,6,21000,0,0,1986,,
19945,6,200000,2500,71646,1986,,
45914,6,30000,0,38787,1986,,
36422,6,5350,213,213,1986,,
26366,29,23000,-6,0,1986,,
26963,26,16000,1800,78030,1986,,
42493,21,5868,45,45,1986,,
19998,45,18000,1700,14383,1986,,
17117,34,35000,0,7792,1986,,
21529,36,118000,6000,6829,1986,,
528,0,1400000,-6,0,1986,,
559,0,2000000,-6,8333,1986,,
12381,0,75000,-6,0,1986,,
1249,0,35394,-6,295591,1986,,
938,0,95000,100,21053,1986,,
536,0,5000000,-6,335490,1986,,
6429,0,325000,-6,0,1986,,
151,0,500000,-6,0,1986,,
1162,0,140000,-6,200000,1986,,
22724,49,45000,1200,99804,1986,,
26724,49,33105,-6,25192,1986,,
6314,28,10000,0,0,1986,,
25532,49,30000,-6,0,1986,,
39493,49,18000,0,1293,1986,,
84206,49,14500,0,0,1986,,
22961,29,21000,-6,4074,1986,,
14630,36,14800,800,23590,1986,,
3710,0,65000,-6,49589,1986,,
42776,36,58000,-6,0,1986,,
59176,36,15000,4000,4000,1986,,
8579,27,9600,100,100,1986,,
30914,42,14000,-6,0,1986,,
56077,36,7992,0,0,1986,,
30880,37,13000,-6,3543,1986,,
31340,34,20000,2000,2000,1986,,
19521,34,17000,0,0,1986,,
11188,34,30000,0,0,1986,,
39716,34,9000,1500,1500,1986,,
40571,39,20000,0,36569,1986,,
21598,17,63000,800,101708,1986,,
129333,36,16235,496,1544,1986,,
41112,42,4572,300,300,1986,,
3191,0,300000,-6,0,1986,,
3526,0,500000,5000,87600,1986,,
3393,0,1500000,-6,2738,1986,,
476,0,400000,-6,357335,1986,,
6696,0,115000,-6,158911,1986,,
1630,0,500000,-6,0,1986,,
3289,0,120000,-6,87333,1986,,
11626,0,60000,-6,2719,1986,,
8634,0,65000,-6,10000,1986,,
1114,0,400000,-6,27046,1986,,
1100,0,23148,-6,28701,1986,,
6462,0,145000,2500,196724,1986,,
1106,0,255000,0,12747,1986,,
1120,0,80000,-6,90679,1986,,
1175,0,75000,-6,0,1986,,
1220,0,200000,-6,5046,1986,,
5846,0,197911,-6,0,1986,,
1191,0,100000,-6,200000,1986,,
5096,12,100000,100,100,1986,,
194509,36,10000,1500,1500,1986,,
18163,34,90000,300,101906,1986,,
44233,26,250000,-6,0,1986,,
29512,6,22000,-6,78890,1986,,
135297,6,100000,-6,92129,1986,,
26713,6,40000,-6,3019,1986,,
17177,9,83000,-6,53152,1986,,
948,0,1900000,-6,0,1986,,
563,0,650000,-6,0,1986,,
1948,0,713068,-6,6111,1986,,
1114,0,302017,-6,181571,1986,,
6098,0,103000,500,500,1986,,
3211,0,325000,-6,169337,1986,,
3481,0,200000,-6,0,1986,,
1127,0,350000,-6,205420,1986,,
599,0,60000,-6,38436,1986,,
2357,0,300000,-6,760871,1986,,
1244,0,120000,-6,95478,1986,,
5999,0,170000,-6,37970,1986,,
3598,0,100000,-6,98560,1986,,
1190,0,722425,-6,170742,1986,,
9148,0,100000,-6,0,1986,,
11249,0,150000,3700,245591,1986,,
1300,0,2050000,-6,172908,1986,,
4463,0,127041,-6,45983,1986,,
518,0,700000,-6,500000,1986,,
533,0,1000000,-6,0,1986,,
3433,0,150000,-6,0,1986,,
1187,0,625000,18000,840098,1986,,
5611,0,5000000,-6,0,1986,,
282,0,1000000,2000,203718,1986,,
1313,0,130000,-6,229909,1986,,
11780,0,150000,-6,72036,1986,,
3517,0,65000,-6,72940,1986,,
11015,0,50000,-6,0,1986,,
12769,0,90000,-6,22731,1986,,
1396,0,75000,-6,236991,1986,,
531,0,500000,-6,0,1986,,
8531,0,148000,-6,49796,1986,,
3681,0,81878,-6,12090,1986,,
14150,0,70000,-6,25175,1986,,
3492,0,180000,300,276251,1986,,
12095,0,110000,-6,166049,1986,,
998,0,400000,-6,9681146,1986,,
1135,0,102000,-6,0,1986,,
520,0,2000000,-6,37554,1986,,
1105,0,167000,-6,106275,1986,,
88928,29,33000,-6,35344,1986,,
28142,29,7308,0,0,1986,,
21279,29,8286,0,0,1986,,
37468,29,27000,400,13989,1986,,
29060,1,2000,724,724,1986,,
30048,1,4908,0,0,1986,,
37875,29,59941,-6,4223,1986,,
28754,12,36000,1500,59263,1986,,
21657,29,8400,-6,0,1986,,
27413,29,15000,1800,32450,1986,,
21361,17,25000,2500,2500,1986,,
34223,17,65000,5000,171684,1986,,
20078,21,13500,700,700,1986,,
518,0,1000000,-6,0,1986,,
265344,12,16000,820,820,1986,,
35151,6,45000,1500,68843,1986,,
22920,5,21000,3500,25923,1986,,
26094,17,38000,127,6792,1986,,
37545,54,12000,-6,0,1986,,
6104,0,350000,-6,140785,1986,,
3358,0,125000,-6,80621,1986,,
1274,0,320000,-6,318555,1986,,
3815,0,129982,-6,144285,1986,,
520,0,294082,0,35493,1986,,
519,0,300000,-6,0,1986,,
560,0,1000000,-6,500000,1986,,
1103,0,400000,-6,0,1986,,
3234,0,170000,-6,451635,1986,,
27374,24,17000,0,9515,1986,,
10861,0,186983,-6,0,1986,,
1094,0,500000,-6,187512,1986,,
1180,0,400000,-6,106465,1986,,
45437,0,80000,-6,55752,1986,,
6787,0,165000,-6,54529,1986,,
1063,0,1294469,-6,0,1986,,
553,0,1000000,-6,746675,1986,,
3425,0,190000,2000,295155,1986,,
1212,0,480000,-6,326804,1986,,
10374,0,1000000,-6,0,1986,,
1105,0,200000,-6,0,1986,,
5629,0,300000,-6,185049,1986,,
1207,0,500000,-6,0,1986,,
566,0,1000000,2631,2631,1986,,
23414,34,62000,1700,198890,1986,,
50641,36,28600,1758,1758,1986,,
29568,34,35000,-6,9609,1986,,
6144,0,120000,-6,173601,1986,,
5990,0,220000,-6,29022,1986,,
11554,0,235000,-6,0,1986,,
5841,0,47500,-6,5046,1986,,
2805,0,120000,-6,30000,1986,,
12611,0,160000,1300,127377,1986,,
11187,0,88000,400,137253,1986,,
11504,0,250000,-6,95556,1986,,
3217,0,170000,-6,0,1986,,
1202,0,700000,0,0,1986,,
6232,0,350000,-6,400000,1986,,
1184,0,900000,1000,645676,1986,,
530,0,290322,-6,0,1986,,
9179,0,280000,500,500,1986,,
11410,0,140000,-6,20486,1986,,
7026,0,185000,-6,0,1986,,
1202,0,500000,-6,193069,1986,,
4191,0,350000,1000,41000,1986,,
3253,0,400000,2000,305496,1986,,
5893,0,435000,-6,1196545,1986,,
36780,51,64000,-6,109648,1986,,
21493,39,10000,400,2025,1986,,
35483,6,30000,4000,94997,1986,,
40827,24,42000,-6,89783,1986,,
28071,25,20000,-6,0,1986,,
87833,6,30000,-6,0,1986,,
30497,26,38000,1400,10893,1986,,
31579,39,60000,300,31247,1986,,
26662,48,39000,4000,49072,1986,,
36874,42,29091,-6,0,1986,,
13026,42,25000,430,430,1986,,
15989,25,55000,-6,39622,1986,,
1155,0,260000,-6,193827,1986,,
1087,0,350000,-6,814157,1986,,
1121,0,800000,-6,0,1986,,
969,0,500000,3500,119667,1986,,
11635,0,100000,-6,29650,1986,,
3224,0,190000,-6,452992,1986,,
6309,0,120000,-6,255820,1986,,
1098,0,466185,-6,240000,1986,,
1182,0,400000,-6,336631,1986,,
3275,0,250000,-6,9410,1986,,
1333,0,300000,-6,257043,1986,,
3705,0,200000,-6,0,1986,,
10805,0,50000,-6,14966,1986,,
11375,0,155000,-6,274793,1986,,
781,0,600000,-6,1384584,1986,,
1191,0,190000,-6,52005,1986,,
1179,0,150000,-6,105857,1986,,
1153,0,220000,-6,105746,1986,,
12768,0,80326,-6,0,1986,,
574,0,600000,-6,1248000,1986,,
11787,0,300000,-6,386183,1986,,
464,0,250000,-6,27190,1986,,
3186,0,160000,2500,73407,1986,,
59047,0,517069,-6,0,1986,,
578,0,700000,-6,800000,1986,,
25157,29,8400,0,0,1986,,
27484,21,40000,0,22575,1986,,
38378,6,22000,1800,4097,1986,,
1186,0,608204,-6,95000,1986,,
921,0,500000,-6,47512,1986,,
519,0,700000,-6,363342,1986,,
4574,0,150000,1500,100678,1986,,
10641,0,83980,-6,0,1986,,
11048,0,100000,-6,0,1986,,
3551,0,250000,-6,43039,1986,,
1192,0,200000,-6,1738832,1986,,
10740,0,60000,-6,24140,1986,,
59047,0,75000,3500,85114,1986,,
3518,0,230000,500,189864,1986,,
10546,0,270000,-6,262729,1986,,
560,0,550000,-6,118781,1986,,
564,0,600000,-6,233896,1986,,
6638,0,85000,-6,0,1986,,
6358,0,120000,-6,138303,1986,,
3473,0,3000000,-6,171285,1986,,
12435,0,120000,-6,28772,1986,,
1138,0,90000,-6,916987,1986,,
568,0,1100000,-6,4662005,1986,,
515,0,400000,-6,0,1986,,
5812,0,195000,2000,162252,1986,,
11813,0,100000,-6,111778,1986,,
27624,6,45853,-6,0,1986,,
14040,34,26000,-6,10563,1986,,
21633,34,35300,-6,17552,1986,,
27102,25,28075,0,0,1986,,
33502,26,50000,1000,19613,1986,,
59400,23,38000,400,22559,1986,,
22287,37,55000,-6,10331,1986,,
17638,34,85000,-6,142682,1986,,
42658,21,32000,300,34224,1986,,
1800,0,114852,0,0,1986,,
154,0,737980,-6,12353,1986,,
3608,0,240000,-6,263156,1986,,
3666,0,220000,4000,708938,1986,,
564,0,800000,-6,6291094,1986,,
11159,0,190000,-6,86559,1986,,
24013,37,15000,0,1254,1986,,
19934,45,31500,0,0,1986,,
39645,39,35000,-6,0,1986,,
21874,5,25000,400,35771,1986,,
160491,34,20000,0,12083,1986,,
44938,6,61000,-6,0,1986,,
17744,36,102000,-6,37488,1986,,
1087,0,450000,-6,86613,1986,,
6336,0,80000,3000,171406,1986,,
546,0,750000,-6,217395,1986,,
591,0,3000000,-6,0,1986,,
9181,0,110000,-6,9475,1986,,
3463,0,378364,-6,29068,1986,,
3888,0,200000,-6,462386,1986,,
1226,0,300000,-6,0,1986,,
564,0,1000000,-6,320736,1986,,
92611,48,22000,0,0,1986,,
38007,34,23000,0,0,1986,,
72112,26,28818,-6,0,1986,,
101742,26,4066,0,0,1986,,
605,34,218000,-6,86668,1986,,
61861,29,5000,0,0,1986,,
19112,29,92307,-6,0,1986,,
11325,0,45000,250,208636,1986,,
1115,0,300000,-6,81205,1986,,
3504,0,225000,400,51301,1986,,
5751,0,200000,-6,51021,1986,,
4379,0,86399,-6,0,1986,,
1144,0,400000,-6,891572,1986,,
3465,0,400000,-6,244798,1986,,
10910,0,115000,-6,0,1986,,
578,0,980000,-6,66908,1986,,
19722,0,65903,-6,0,1986,,
1094,0,350000,-6,138667,1986,,
1120,0,1000000,-6,795585,1986,,
1113,0,300000,-6,49323,1986,,
1513,0,100000,-6,104946,1986,,
1107,0,250000,-6,219554,1986,,
9400,17,200000,-6,27454,1986,,
3503,0,175000,-6,167055,1986,,
2247,0,340000,-6,120000,1986,,
11947,0,200000,-6,97831,1986,,
11556,0,140000,-6,41885,1986,,
511,0,650000,-6,627813,1986,,
1128,0,300000,-6,1500000,1986,,
3670,0,297000,-6,0,1986,,
1205,0,315338,3000,234414,1986,,
3551,0,180000,-6,537169,1986,,
1148,0,200000,-6,3232,1986,,
1200,0,220000,-6,436064,1986,,
3422,0,350000,-6,71118,1986,,
1600,0,86000,-6,1612580,1986,,
46734,13,6000,0,0,1986,,
24941,13,40000,1100,34701,1986,,
1052,0,1000000,-6,537514,1986,,
11283,0,150000,3000,43955,1986,,
11787,0,100000,-6,196714,1986,,
3221,0,130000,-6,11035,1986,,
3578,0,98000,300,224218,1986,,
1230,0,400000,5000,165038,1986,,
3535,0,400000,3200,635584,1986,,
3233,0,225000,-6,0,1986,,
519,0,5000000,-6,1871854,1986,,
10645,0,100000,200,200,1986,,
1273,0,340000,-6,0,1986,,
1198,0,520000,1000,1000,1986,,
1176,0,600000,-6,827470,1986,,
9822,0,350000,-6,108301,1986,,
26968,24,38000,10000,48105,1986,,
60333,36,2707,0,1517,1986,,
32741,48,19000,4000,4000,1986,,
76013,26,4596,0,0,1986,,
7042,34,10000,0,2444,1986,,
12287,34,25000,320,4152,1986,,
26620,42,44356,-6,0,1986,,
1480,53,50000,1703,205063,1986,,
35158,53,7000,200,200,1986,,
31533,53,45000,500,64139,1986,,
89259,23,17000,100,100,1986,,
33401,23,25000,0,25756,1986,,
6985,17,5000,0,0,1986,,
3467,48,250000,-6,96510,1986,,
11410,0,65000,-6,32754,1986,,
7878,0,190000,-6,0,1986,,
1106,0,100000,-6,6020,1986,,
522,0,600000,-6,0,1986,,
3461,0,125000,-6,32278,1986,,
519,0,1200000,-6,1250000,1986,,
566,0,1000000,-6,0,1986,,
522,0,450000,-6,0,1986,,
3551,0,100000,-6,219369,1986,,
471,0,700000,-6,700000,1986,,
3426,0,140000,-6,14576,1986,,
574,0,1000000,-6,0,1986,,
527,0,500000,-6,0,1986,,
1084,0,570768,-6,25273,1986,,
3202,0,120000,-6,364154,1986,,
29766,0,12000,200,200,1986,,
11121,0,200000,-6,123370,1986,,
561,0,500000,-6,0,1986,,
8622,0,75000,-6,0,1986,,
157,0,1700000,-6,0,1986,,
530,0,758000,-6,44427,1986,,
1094,0,400000,-6,0,1986,,
1229,0,600000,-6,32803,1986,,
561,0,139765,-6,398510,1986,,
1185,0,297000,-6,0,1986,,
49420,36,21500,2600,2600,1986,,
42398,36,5000,0,0,1986,,
3546,0,100000,-6,11850,1986,,
1229,0,145000,-6,0,1986,,
44722,36,21646,-6,654,1986,,
52073,36,5256,0,0,1986,,
27559,6,35000,600,12007,1986,,
51370,6,48000,0,57532,1986,,
28280,28,60000,-6,49400,1986,,
19179,28,35000,-6,0,1986,,
22007,28,3605,0,0,1986,,
40926,28,4020,0,0,1986,,
27151,28,2483,400,400,1986,,
25124,28,30000,900,50468,1986,,
2341,0,1000000,-6,0,1986,,
531,0,500000,-6,0,1986,,
37127,42,7500,300,300,1986,,
520,0,2000000,-6,284486,1986,,
10855,0,85000,-6,199980,1986,,
14029,0,63000,-6,236342,1986,,
534,0,1000000,-6,158777,1986,,
424,0,500000,-6,0,1986,,
2118,0,160000,-6,0,1986,,
562,0,200000,13500,4562813,1986,,
6614,0,108000,-6,146792,1986,,
10475,0,200000,7500,106609,1986,,
3477,0,210000,-6,3364,1986,,
6256,0,385000,-6,258333,1986,,
1084,0,250000,-6,81951,1986,,
1226,0,700000,17000,790169,1986,,
1192,0,325000,-6,765390,1986,,
43823,36,48000,40,40,1986,,
31156,25,91881,-6,199033,1986,,
28663,17,38000,2000,51576,1986,,
28914,34,5554,0,0,1986,,
18463,17,57000,300,25054,1986,,
37947,36,15000,-6,0,1986,,
3658,0,130000,1000,236405,1986,,
1107,0,400000,-6,573669,1986,,
18753,36,11000,0,0,1986,,
34890,26,8777,0,0,1986,,
22378,36,60000,-6,32827,1986,,
3606,0,195000,-6,103378,1986,,
6106,0,150000,-6,74525,1986,,
1256,0,525000,-6,151477,1986,,
3407,0,350000,-6,533561,1986,,
10765,0,100000,-6,456594,1986,,
13025,0,27600,2300,8520,1986,,
2304,0,500000,-6,391992,1986,,
11787,0,350000,250,229302,1986,,
1234,0,188597,-6,519659,1986,,
1207,0,300000,-6,241880,1986,,
1166,0,500000,-6,80000,1986,,
22382,17,50000,200,45048,1986,,
22605,37,15000,500,500,1986,,
24242,55,12016,-6,89980,1986,,
35070,17,52000,2300,26449,1986,,
1161,0,146822,-6,102000,1986,,
1044,0,420000,-6,19377,1986,,
3439,0,83000,-6,41157,1986,,
1296,0,210000,-6,39513,1986,,
1185,0,240000,-6,36671,1986,,
10632,0,102000,-6,0,1986,,
1204,0,350000,5000,238634,1986,,
956,0,240000,-6,44965,1986,,
25973,1,30000,0,0,1986,,
27795,48,42000,5000,67848,1986,,
3206,0,200000,-6,128412,1986,,
880,0,180000,1000,93211,1986,,
1147,0,1498784,-6,0,1986,,
3908,0,300000,-6,174466,1986,,
19224,12,34000,1600,7282,1986,,
5777,0,580000,1000,321382,1986,,
560,0,900000,-6,483875,1986,,
205480,17,12000,0,19007,1986,,
4699,17,114000,-6,13703,1986,,
56085,17,9500,0,0,1986,,
7240,0,145000,-6,0,1986,,
1138,0,310000,-6,491784,1986,,
529,0,1000000,-6,0,1986,,
33253,36,40000,0,0,1986,,
48046,6,75000,2000,2000,1986,,
10907,6,160000,-6,247949,1986,,
38487,6,25000,350,11528,1986,,
37413,6,48000,1000,113826,1986,,
32065,17,26391,98,57661,1986,,
1117,0,300000,-6,128913,1986,,
3321,0,90000,-6,40500,1986,,
44344,36,47000,2200,9171,1986,,
33025,17,13000,0,0,1986,,
31754,17,12034,800,15246,1986,,
29795,17,22000,200,16891,1986,,
39566,36,3408,0,0,1986,,
28665,17,45000,0,0,1986,,
62875,17,80000,2000,2000,1986,,
42403,17,42000,600,600,1986,,
53212,17,3600,0,0,1986,,
19517,45,49148,300,1308,1986,,
23555,55,19500,-6,0,1986,,
3157,0,160000,3000,38336,1986,,
40384,6,43000,500,32834,1986,,
164600,17,13000,187,395,1986,,
164600,17,27722,493,16744,1986,,
3868,0,72000,2500,208331,1986,,
523,0,1189000,-6,613908,1986,,
1132,0,300000,-6,110219,1986,,
1164,0,120000,-6,0,1986,,
47867,36,16978,0,0,1986,,
38539,17,70000,0,0,1986,,
57740,17,24000,500,1712,1986,,
516,0,1000000,7000,7000,1986,,
22019,37,48000,500,500,1986,,
