gvkey,sic,home_state,treatment_discrete,treatment_z,ismatched,ni_77,ni_83,rev_77,rev_83,sic_2dig,profit_growth,rev_growth,markup_77,markup_83,markup_growth,profit_growth_w,rev_growth_w,markup_growth_w
1118,5912,RI,0,-0.095440269303785,1,0.78775,1.77925,36.34175,75.53325,59,-0.972717329242538,0.0784153212214598,0.0216761713456286,0.0235558512310804,0.0018796798854517,-0.109101281859661,0.0126615991951367,0.000313279980908617
1240,5411,ID,0,-0.095440269303785,1,6.208,17.57025,454.12375,1069.832,54,-0.974979837544282,0.355816008301702,0.0136702826046865,0.0164233730155763,0.00275309041088978,-0.109101281859661,0.0520429237600919,0.000458848401814964
1301,5311,OH,0,-2.12354599200921,0,18.5605,32.11775,477.0335,926.268,53,-0.971580088190871,-0.0582747333258565,0.0389081689231469,0.0346743599044769,-0.00423380901867001,-0.109101281859661,-0.00995704639830086,-0.000705634836445001
1302,5411,MI,0,-0.906682558385956,0,-3.272,3.7035,224.354,145.51075,54,-0.968908510657265,-1.35142342013069,-0.0145840947787871,0.0254517277933074,0.0400358225720945,-0.109101281859661,-0.109101281859661,0.00667263709534908
1322,5311,MA,0,-0.095440269303785,1,0.2465,0.0625,17.86475,22.99225,53,-1.01029961236513,-0.71298226955317,0.013798122000028,0.00271830725570572,-0.0110798147443223,-0.109101281859661,-0.109101281859661,-0.00184663579072038
1345,5411,GA,0,-0.095440269303785,0,0.83225,,93.83225,,54,-1,-1,0.0088695517799051,0,-0.0088695517799051,-0.109101281859661,-0.109101281859661,-0.00147825862998418
1572,5411,UT,0,-0.095440269303785,0,6.649,,934.4085,,54,-1,-1,0.00711573150287053,0,-0.00711573150287053,-0.109101281859661,-0.109101281859661,-0.00118595525047842
1573,5411,UT,0,-0.095440269303785,0,4.9185,29.4755,224.943,2161.684,54,-0.890830121408535,7.60991895724695,0.0218655392699484,0.0136354342262791,-0.00823010504366924,-0.109101281859661,0.069913193933663,-0.00137168417394487
1594,5331,CT,0.746427804626424,0.557671184398755,1,1.28825,4.9715,42.03275,154.314,53,-0.912371900482362,1.67128013275363,0.0306487203430658,0.032216778775743,0.00156805843267714,-0.109101281859661,0.069913193933663,0.000261343072112856
1803,5311,NY,0,-0.095440269303785,1,10.53725,28.88,366.93875,929.45675,53,-0.950011411986333,0.533002442505731,0.0287166454891995,0.0310719137818946,0.00235526829269515,-0.109101281859661,0.069913193933663,0.000392544715449192
2064,5961,NY,0,-0.095440269303785,1,0.17675,,5.33125,,59,-1,-1,0.0331535756154748,0,-0.0331535756154748,-0.109101281859661,-0.109101281859661,-0.00552559593591247
2090,5411,AZ,0,-0.095440269303785,1,0.5675,0.86175,54.956,94.522,54,-0.994645716573259,-0.280042215590654,0.0103264429725599,0.00911692516028015,-0.00120951781227972,-0.109101281859661,-0.0532880946002117,-0.00020158630204662
2151,5651,NJ,0.388457266503885,-0.432182358980288,1,0.07775,,13.43375,,56,-1,-1,0.00578766167302503,0,-0.00578766167302503,-0.109101281859661,-0.109101281859661,-0.000964610278837505
2198,5812,MA,0,-0.095440269303785,1,0.2665,,4.721,,58,-1,-1,0.0564499046812116,0,-0.0564499046812116,-0.109101281859661,-0.109101281859661,-0.0094083174468686
2208,5411,NY,0,-0.095440269303785,1,0.66025,1.378,58.46275,131.441,54,-0.987722951794091,0.248286301961505,0.0112935159567417,0.0104837912067011,-0.000809724750040579,-0.109101281859661,0.0376535291136464,-0.000134954125006763
2323,5411,MI,0,-0.906682558385956,0,0.1555,-2.72875,171.80725,249.05875,54,-1.01678770831848,-0.550359487157847,0.000905084040399925,-0.0109562502823129,-0.0118613343227128,-0.109101281859661,-0.109101281859661,-0.00197688905378547
2436,5661,MO,0,-0.095440269303785,0,6.76525,16.79975,222.7615,375.126,56,-0.954954065222222,-0.316019599437066,0.0303699247850279,0.0447842858133001,0.0144143610282721,-0.109101281859661,-0.0613422371207789,0.00240239350471202
2611,5331,CT,0.967289721046729,0.885442640080719,1,2.92925,,98.6045,,53,-1,-1,0.0297070620509206,0,-0.0297070620509206,-0.109101281859661,-0.109101281859661,-0.00495117700848677
2791,5812,NY,0,-0.095440269303785,1,0.268,1.138,13.54125,30.7765,58,-0.935751869288286,0.272796086033416,0.0197913781962522,0.0369762643575455,0.0171848861612933,-0.109101281859661,0.0410217545518701,0.00286414769354889
2792,5311,IL,0,-1.31230370292704,0,2.8,3.84575,97.01575,219.31575,53,-0.98922082239224,0.260620053960311,0.0288612931405468,0.0175352203387126,-0.0113260728018342,-0.109101281859661,0.0393553006431384,-0.0018876788003057
2796,5311,OH,0,-2.12354599200921,0,13.54175,16.87125,411.9105,775.4205,53,-0.991916933411506,-0.117502467162163,0.0328754668793342,0.0217575496134033,-0.0111179172659309,-0.109101281859661,-0.0206177020944864,-0.00185298621098849
3004,5945,MA,0,-0.095440269303785,1,0.22775,,30.655,,59,-1,-1,0.0074294568585875,0,-0.0074294568585875,-0.109101281859661,-0.109101281859661,-0.00123824280976458
3030,5812,GA,0,-0.095440269303785,1,5.14075,7.888,56.6,114.4835,58,-0.951462014134276,0.0226766784452295,0.0908259717314488,0.0689007586246053,-0.0219252131068435,-0.109101281859661,0.00374422293194554,-0.00365420218447391
3051,5412,AZ,0,-0.095440269303785,1,1.969,5.4155,90.8583333333333,257.213,54,-0.962067320920847,0.830923599009447,0.021671099697331,0.021054534568626,-0.000616565128705008,-0.109101281859661,0.069913193933663,-0.000102760854784168
3054,5731,VA,0,-0.095440269303785,0,0.513,3.00225,22.69975,89.177,57,-0.890340201984603,1.92854546856243,0.0225993678344475,0.0336661919553248,0.0110668241208773,-0.109101281859661,0.069913193933663,0.00184447068681288
3164,5990,OH,0,-2.01563426393825,1,1.13375,4.41625,29.23575,154.314,59,-0.887723078764868,3.27826376952874,0.0387795763748151,0.0286185958500201,-0.010160980524795,-0.109101281859661,0.069913193933663,-0.0016934967541325
3177,5812,CA,0,-0.095440269303785,0,1.529,4.66025,42.01525,98.9325,58,-0.92547348879276,0.354680740921451,0.0363915483068648,0.0471053496070553,0.0107138013001905,-0.109101281859661,0.0518960544068126,0.00178563355003176
3495,5331,OH,0,-2.07405633236151,1,0.82225,-15.31625,99.21175,138.86625,53,-1.1626672243963,-0.600304399428495,0.00828782881059955,-0.110294978081427,-0.118582806892027,-0.109101281859661,-0.109101281859661,-0.0197638011486711
3615,5311,MI,0,-0.906682558385956,1,-0.00950000000000001,0.4505,13.92375,21.125,53,-0.966962923063112,-0.482808151539636,-0.000682287458479218,0.0213254437869823,0.0220077312454615,-0.109101281859661,-0.104067525551119,0.00366795520757691
3646,5411,ID,1,1.93266545340164,1,1.2105,3.4635,139.8895,281.6595,54,-0.98389443096158,0.01344275303007,0.00865325846471679,0.0122967625803497,0.00364350411563288,-0.109101281859661,0.00222801181858534,0.000607250685938814
3654,5912,NY,0,-1.14313469401787,1,0.22925,,38.877,,59,-1,-1,0.00589680273683669,0,-0.00589680273683669,-0.109101281859661,-0.109101281859661,-0.000982800456139448
3708,5812,OH,0,-2.12354599200921,1,1.1845,0.81775,43.363,143.726,58,-1.00845767128658,1.31448469893688,0.0273159144893112,0.00568964557560915,-0.021626268913702,-0.109101281859661,0.069913193933663,-0.00360437815228367
3782,5961,TX,0,-0.095440269303785,0,2.09475,2.01925,25.75575,135.048,59,-1.002931384254,3.24341166535628,0.0813313531929763,0.0149520911083467,-0.0663792620846297,-0.109101281859661,0.069913193933663,-0.0110632103474383
3813,5331,MN,1,1.93266545340164,0,24.484,61.36425,623.681,1740.81375,53,-0.940866805305918,0.791192532721054,0.0392572484972286,0.0352503247403693,-0.00400692375685928,-0.109101281859661,0.069913193933663,-0.000667820626143213
3869,5812,SC,0,-0.095440269303785,1,5.14825,10.059,108.244,263.65675,58,-0.954632589335206,0.435763183178744,0.0475615276597317,0.0381518773936188,-0.00940965026611293,-0.109101281859661,0.0621368308560246,-0.00156827504435216
3886,5411,NY,0,-0.095440269303785,0,-0.3595,0.3145,3.6335,5.6385,54,-0.814503921838448,-0.448190449979359,-0.0989404155772671,0.0557772457213798,0.154717661298647,-0.109101281859661,-0.0943406633127055,0.0257862768831078
3964,5311,AR,1,2.60870069430345,1,1.17975,8.53475,67.35775,219.177,53,-0.890806922737176,1.25392401022896,0.0175146883617698,0.0389399891411964,0.0214253007794266,-0.109101281859661,0.069913193933663,0.00357088346323776
4084,5912,NJ,0,-0.095440269303785,1,0.72625,,57.3565,,59,-1,-1,0.0126620348173267,0,-0.0126620348173267,-0.109101281859661,-0.109101281859661,-0.00211033913622112
4207,5912,FL,0,-0.095440269303785,0,11.50775,17.93275,245.0255,581.261,59,-0.973778239407735,0.372246970213304,0.0469655199152741,0.0308514591551816,-0.0161140607600925,-0.109101281859661,0.0541572017393741,-0.00268567679334876
4218,5600,MO,0,-0.095440269303785,0,9.07075,12.225,156.08025,255.375,56,-0.979790844773762,-0.363822456716977,0.0581159371541242,0.047870778267254,-0.0102451588868702,-0.109101281859661,-0.0726086180323171,-0.00170752648114503
4470,5211,FL,0,-0.095440269303785,1,10.5475,-15.96875,229.78075,296.571,52,-1.11539804792177,-0.709330524859023,0.0459024526641157,-0.0538446105654295,-0.0997470632295452,-0.109101281859661,-0.109101281859661,-0.0166245105382575
4523,5940,OH,0,-2.12354599200921,1,0.6145,1.141,26.041,52.34975,59,-0.97978188241619,0.0102818632156982,0.0235974040935448,0.0217957105812349,-0.00180169351230992,-0.109101281859661,0.00170634822658244,-0.000300282252051654
4550,5411,TX,0,-0.095440269303785,1,0.87175,,128.14575,,54,-1,-1,0.00680280071715215,0,-0.00680280071715215,-0.109101281859661,-0.109101281859661,-0.00113380011952536
4592,5912,NY,0,-0.095440269303785,1,0.482,2.02575,29.90425,78.09225,59,-0.948376902948578,0.611409749450329,0.0161181103020474,0.0259404742468043,0.00982236394475689,-0.109101281859661,0.069913193933663,0.00163706065745948
4594,5311,CA,0,-0.095440269303785,1,1.4075,,132.23725,,53,-1,-1,0.0106437482630651,0,-0.0106437482630651,-0.109101281859661,-0.109101281859661,-0.00177395804384418
4611,5311,NY,0,-0.095440269303785,0,49.14125,84.5855,1230.84975,2172.394,53,-0.971203430800551,-0.23504534164304,0.0399246536792976,0.0389365372948001,-0.000988116384497466,-0.109101281859661,-0.0436740315239597,-0.000164686064082911
4750,5331,NY,0,-0.095440269303785,1,0.082,,11.94675,,53,-1,-1,0.00686379140770503,0,-0.00686379140770503,-0.109101281859661,-0.109101281859661,-0.0011439652346175
4759,5812,FL,0,-0.095440269303785,1,0.24275,-0.019,12.224,14.05725,58,-1.02141279450262,-0.850028632198953,0.0198584751308901,-0.00135161571431112,-0.0212100908452012,-0.109101281859661,-0.109101281859661,-0.00353501514086686
4830,5411,NJ,1,0.918612592048929,0,0.71675,0.03875,89.05025,110.484333333333,54,-1.00761367879371,-0.759303501861777,0.00804882636488949,0.000350728459238565,-0.00769809790565092,-0.109101281859661,-0.109101281859661,-0.00128301631760849
4887,5200,MI,0,-0.906682558385956,1,0.75575,,18.52225,,52,-1,-1,0.0408022783409143,0,-0.0408022783409143,-0.109101281859661,-0.109101281859661,-0.00680037972348572
4904,5200,NY,0,-0.095440269303785,0,-0.1195,-1.48675,11.46475,7.27425,52,-1.11925685252622,-1.36551167709719,-0.0104232538869142,-0.20438533182115,-0.193962077934236,-0.109101281859661,-0.109101281859661,-0.0323270129890393
4909,5990,CT,0.917883931560403,1.23968264009431,1,0.85225,1.586,16.03025,31.00675,59,-0.954227164267557,-0.0657350945867967,0.0531651097144461,0.051150152789312,-0.00201495692513413,-0.109101281859661,-0.011268571339871,-0.000335826154189021
4911,5812,OH,0,-1.9227434550661,1,0.48375,1.214,22.21425,31.3905,58,-0.96712695679575,-0.586920557750093,0.0217765623417401,0.0386741211513037,0.0168975588095636,-0.109101281859661,-0.109101281859661,0.00281625980159394
4945,5960,NY,0,-0.095440269303785,0,3.34425,7.3925,57.5843333333333,331.8645,59,-0.929698760658281,3.7631039692509,0.0580756918837878,0.0222756576855916,-0.0358000341981963,-0.109101281859661,0.069913193933663,-0.00596667236636605
4979,5411,CA,0,-0.095440269303785,0,2.441,1.25975,408.5305,354.66525,54,-1.00289146098027,-1.1318512326497,0.00597507407647654,0.0035519408794631,-0.00242313319701344,-0.109101281859661,-0.109101281859661,-0.000403855532835574
4990,5651,CA,0,-0.095440269303785,1,2.487,5.40175,51.39975,120.12875,56,-0.943292525741857,0.337146581452245,0.0483854493455708,0.04496633819964,-0.00341911114593078,-0.109101281859661,0.0496145355664197,-0.00056985185765513
4996,5311,DC,0,-0.095440269303785,0,2.75,,73.64175,,53,-1,-1,0.0373429474448937,0,-0.0373429474448937,-0.109101281859661,-0.109101281859661,-0.00622382457414895
5009,5331,NJ,1,0.918612592048929,1,0.1855,0.27275,25.32725,35.73075,53,-0.996555093821872,-0.589236889121401,0.00732412717527564,0.00763348096527501,0.000309353789999366,-0.109101281859661,-0.109101281859661,5.15589649998944e-05
5060,5200,NY,0,-0.095440269303785,0,-0.228,3.7245,166.74825,,52,-0.976296602812923,-1,-0.00136733069162645,0,0.00136733069162645,-0.109101281859661,-0.109101281859661,0.000227888448604408
5109,5661,TN,0,-0.095440269303785,1,-33.94575,-0.49275,253.69675,159.94025,56,-0.868137845675989,-1.36956129709979,-0.133804433836854,-0.00308083800044079,0.130723595836414,-0.109101281859661,-0.109101281859661,0.0217872659727356
5121,5912,NY,0,-0.095440269303785,1,0.35375,0.964,19.82275,48.443,59,-0.969214664968281,0.44380825062113,0.0178456571363711,0.0198996759077679,0.0020540187713968,-0.109101281859661,0.0631264416368722,0.000342336461899467
5151,5411,MD,0,-0.095440269303785,1,2.44375,10.12775,234.08975,489.3585,54,-0.967174983099431,0.0904738460355483,0.0104393720784443,0.0206959723801671,0.0102566003017228,-0.109101281859661,0.0145400805093647,0.00170943338362047
5172,5812,PA,1,0.918612592048929,0,1.073,,61.2345,,58,-1,-1,0.0175228016885906,0,-0.0175228016885906,-0.109101281859661,-0.109101281859661,-0.00292046694809843
5194,5311,PA,1,0.918612592048929,1,0.7465,1.0785,33.49,63.22,53,-0.99008659301284,-0.112272320095551,0.0222902358913108,0.0170594748497311,-0.00523076104157974,-0.109101281859661,-0.0196526927680681,-0.000871793506929956
5221,5311,WV,0.0512070194637894,-0.377327674088059,1,0.33425,,18.68625,,53,-1,-1,0.0178874841126497,0,-0.0178874841126497,-0.109101281859661,-0.109101281859661,-0.00298124735210828
5235,5944,TX,0,-0.095440269303785,0,3.621,4.95625,56.47225,118.71325,59,-0.97635564370111,0.10215194188296,0.0641199881357658,0.0417497625580969,-0.0223702255776689,-0.109101281859661,0.0163428705645456,-0.00372837092961148
5259,5531,CO,0,-0.095440269303785,1,0.17725,1.27225,18.813,34.87575,55,-0.941795566895232,-0.14618880561314,0.00942167650029235,0.0364795022329269,0.0270578257326345,-0.109101281859661,-0.0259969710914416,0.00450963762210576
5260,5331,UT,0,-0.095440269303785,1,0.95075,-0.42525,39.725,55.96025,53,-1.0346381371932,-0.591308999370673,0.0239332913782253,-0.00759914403527504,-0.0315324354135003,-0.109101281859661,-0.109101281859661,-0.00525540590225006
5285,5912,OH,0,-2.10556168169058,1,1.54325,,89.449,,59,-1,-1,0.017252847991593,0,-0.017252847991593,-0.109101281859661,-0.109101281859661,-0.0028754746652655
5301,5411,NJ,1,0.918612592048929,1,0.14225,11.88775,1822.14425,1305.5025,54,-0.993554022959488,-1.28353504394616,7.80673648642252e-05,0.00910588068578957,0.00902781332092535,-0.109101281859661,-0.109101281859661,0.00150463555348756
5334,5945,NY,0,-0.095440269303785,0,0.05425,0.881,17.71,29.32575,59,-0.953317334839074,-0.344113495200452,0.00306324110671937,0.0300418574120014,0.026978616305282,-0.109101281859661,-0.0678808098041392,0.00449643605088034
5413,5331,CA,1,1.93266545340164,1,1.9045,0.46525,61.238,102.51775,53,-1.0235025637676,-0.32591283190176,0.0310999706064862,0.00453823850016217,-0.026561732106324,-0.109101281859661,-0.0636188193778945,-0.004426955351054
5465,5411,ME,0,-0.102678334278657,1,0.77375,2.41075,86.162,156.085,54,-0.981000905271465,-0.188470555465286,0.00898017687611708,0.0154451100361982,0.00646493316008115,-0.109101281859661,-0.0342070141525461,0.00107748886001352
5513,5731,NJ,1,0.918612592048929,0,0.21175,-0.1855,10.304,7.05225,57,-1.03855298913043,-1.31558132763975,0.0205502717391304,-0.0263036619518593,-0.0468539336909898,-0.109101281859661,-0.109101281859661,-0.00780898894849829
5602,5311,PA,1,0.918612592048929,1,0.764,,30.0175,,53,-1,-1,0.0254518197717998,0,-0.0254518197717998,-0.109101281859661,-0.109101281859661,-0.00424196996196663
5722,5812,MD,0,-0.0954402693037851,1,2.646,,65.73175,,58,-1,-1,0.0402545193152472,0,-0.0402545193152472,-0.109101281859661,-0.109101281859661,-0.0067090865525412
5729,5940,CA,0,-0.095440269303785,1,1.68475,2.4195,34.564,59.90625,59,-0.978742333063303,-0.266802164101377,0.0487429117000347,0.0403881064162754,-0.00835480528375929,-0.109101281859661,-0.0504084039995482,-0.00139246754729321
5732,5990,IL,0,-1.2270095352656,1,0.0345,,9.408,,59,-1,-1,0.00366709183673469,0,-0.00366709183673469,-0.109101281859661,-0.109101281859661,-0.000611181972789116
6108,5812,MA,0,-0.095440269303785,0,0.98125,-0.16675,14.33775,23.8765,58,-1.08006835103137,-0.334710815853255,0.0684382138062109,-0.00698385441752351,-0.0754220682237344,-0.109101281859661,-0.0656668800933914,-0.0125703447039557
6179,5990,NJ,1,0.918612592048929,0,0.6655,1.62775,32.643,42.6715,59,-0.970522010844591,-0.69278252611586,0.0203872193119505,0.0381460693905768,0.0177588500786264,-0.109101281859661,-0.109101281859661,0.00295980834643773
6206,5311,IL,0,-1.31230370292704,0,0.03525,7.421,72.64425,6.11925,53,-0.898329874697584,-1.91576415201478,0.000485241433423843,1.21273031825796,1.21224507682453,-0.109101281859661,-0.109101281859661,0.0833333333333333
6229,5331,NJ,1,0.918612592048929,1,1.22625,2.87725,41.82575,104.19325,53,-0.960526709024943,0.491126877581394,0.029318063633049,0.0276145527661341,-0.00170351086691493,-0.109101281859661,0.0688557545135087,-0.000283918477819156
6260,5411,ID,0,-1.31200957351905,1,6.6465,20.76325,819.4355,1430.8805,54,-0.982772591619475,-0.253821685782469,0.00811107158525595,0.0145108204353893,0.00639974885013331,-0.109101281859661,-0.0476269357170097,0.00106662480835555
6303,5331,MA,0,-0.095440269303785,1,3.98875,,115.66,,53,-1,-1,0.0344868580321632,0,-0.0344868580321632,-0.109101281859661,-0.109101281859661,-0.00574780967202721
6307,5311,IL,0,-1.31230370292704,0,75.72975,123.075,2516.11425,4710.22475,53,-0.98118318752815,-0.127976601221506,0.0300978979789968,0.0261293264190844,-0.00396857155991243,-0.109101281859661,-0.0225646919430643,-0.000661428593318738
6400,5621,GA,0,-0.095440269303785,1,0.20075,0.1275,4.38425,6.894,56,-1.01670753264526,-0.427553173290757,0.0457889034612534,0.0184943429068755,-0.0272945605543778,-0.109101281859661,-0.0887815063830615,-0.00454909342572963
6502,5411,OH,0,-2.12354599200921,0,15.1615,31.76975,1686.88825,3809.001,54,-0.990154504899776,0.258004346168159,0.0089878508549692,0.00834070403236964,-0.000647146822599559,-0.109101281859661,0.0389955566209574,-0.000107857803766593
6508,5331,TN,0,-0.095440269303785,0,0.9385,,68.9545,,53,-1,-1,0.0136104242652764,0,-0.0136104242652764,-0.109101281859661,-0.109101281859661,-0.00226840404421273
6553,5731,NY,0,-0.095440269303785,1,-0.90525,,22.10975,,57,-1,-1,-0.0409434751636721,0,0.0409434751636721,-0.109101281859661,-0.109101281859661,0.00682391252727869
6583,5621,OH,0,-0.10125910246594,1,2.50075,,83.26,,56,-1,-1,0.0300354311794379,0,-0.0300354311794379,-0.109101281859661,-0.109101281859661,-0.00500590519657298
6733,5990,OH,0,-2.12354599200921,0,2.08025,17.73475,29.2565,271.4725,59,-0.464922324953429,7.27904910019996,0.0711038572624887,0.0653279798137933,-0.0057758774486954,-0.098976457670517,0.069913193933663,-0.000962646241449233
6753,5945,NJ,0.271450860043682,0.179825252040166,1,0.833,-1.71375,37.58425,73.9395,59,-1.067761096736,-0.032699867630723,0.0221635392484884,-0.0231777331466943,-0.0453412723951827,-0.109101281859661,-0.00552575271162437,-0.00755687873253044
6780,5621,NY,0,-0.095440269303785,1,0.865,,26.091,,56,-1,-1,0.0331531945881722,0,-0.0331531945881722,-0.109101281859661,-0.109101281859661,-0.00552553243136203
6802,5912,MD,0,-0.095440269303785,1,4.8955,9.09675,137.664,303.61,59,-0.96948185437006,0.205442236169223,0.0355612215248722,0.0299619577747769,-0.0055992637500953,-0.109101281859661,0.0316310396662898,-0.000933210625015883
6829,5211,NC,0,-0.095440269303785,1,6.17325,12.65375,165.40625,357.644,52,-0.960820706593614,0.162215756659739,0.0373217457018704,0.0353808535862478,-0.00194089211562262,-0.109101281859661,0.0253712269921371,-0.000323482019270437
6834,5411,CA,0,-0.095440269303785,0,16.61875,26.35,1008.84225,2097.03825,54,-0.99035404197237,0.0786582342283939,0.0164730908127609,0.0125653406655792,-0.00390775014718168,-0.109101281859661,0.0126996126248651,-0.000651291691196947
6914,5960,CT,1,0.918612592048929,0,0.97425,,49.302,,59,-1,-1,0.0197608616283315,0,-0.0197608616283315,-0.109101281859661,-0.109101281859661,-0.00329347693805525
6915,5331,NC,0,-0.0954402693037851,1,0.332,,11.027,,53,-1,-1,0.030107916931169,0,-0.030107916931169,-0.109101281859661,-0.109101281859661,-0.00501798615519483
6928,5311,NY,5.9021552318124e-05,-0.0953804183297754,1,13.1985,46.6695,415.171,867.036,53,-0.919380207191735,0.0883828591110654,0.0317905152334821,0.0538264847134375,0.0220359694799554,-0.109101281859661,0.0142155905419714,0.00367266157999257
7068,5311,MN,0,-1.31230370292704,1,3.97075,,165.66475,,53,-1,-1,0.0239685871617227,0,-0.0239685871617227,-0.109101281859661,-0.109101281859661,-0.00399476452695378
7105,5600,NY,0,-0.095440269303785,1,-0.05,,19.6375,,56,-1,-1,-0.00254614894971356,0,0.00254614894971356,-0.109101281859661,-0.109101281859661,0.000424358158285593
7127,5311,MO,0,-0.095440269303785,0,20.99075,46.75,568.26175,1047.725,53,-0.954670097010753,-0.156263376868142,0.0369385234885156,0.0446204872461762,0.0076819637576606,-0.109101281859661,-0.0279219199689197,0.00128032729294343
7154,5812,IL,0,-1.31230370292704,0,34.174,85.66,346.05175,750.28625,58,-0.85121878447371,0.1681330899208,0.0987540158372267,0.114169758542156,0.0154157427049298,-0.109101281859661,0.0262394868166156,0.00256929045082163
7195,5944,PA,0,-1.1094931306565,1,0.0502499999999999,-0.0233333333333333,12.0225,1.06433333333333,59,-1.00612046856588,-1.91147154640604,0.00417966313162819,-0.0219229564672722,-0.0261026195989004,-0.109101281859661,-0.109101281859661,-0.00435043659981673
7254,5311,OH,0.00719128816336553,-0.161071387367692,1,7.81325,20.8055,197.30425,406.4895,53,-0.934151190357025,0.0602166451052117,0.0396000086161347,0.0511833638999285,0.0115833552837938,-0.109101281859661,0.00979318736679513,0.00193055921396564
7407,5621,NJ,1,0.918612592048929,1,2.95425,4.1325,31.88375,59.191,56,-0.963045438507076,-0.143537068255773,0.0926569177088642,0.0698163572164687,-0.0228405604923955,-0.109101281859661,-0.0254934514524775,-0.00380676008206592
7485,5399,MN,1,1.93266545340164,0,2.86075,,83.5965,,53,-1,-1,0.0342209303021059,0,-0.0342209303021059,-0.109101281859661,-0.109101281859661,-0.00570348838368432
7566,5812,TN,0,-0.095440269303785,1,2.97775,5.1355,54.37275,116.1165,58,-0.960315599266177,0.13556423024401,0.0547654845487859,0.0442271339559839,-0.0105383505928021,-0.109101281859661,0.0214143397361091,-0.00175639176546701
7570,5661,MA,0,-0.095440269303785,1,2.9295,4.79525,71.09425,130.741,56,-0.973756668084972,-0.161018647780939,0.0412058640466704,0.0366774768435303,-0.00452838720314011,-0.109101281859661,-0.0288371714667669,-0.000754731200523352
7573,5661,MA,0,-0.095440269303785,0,0.0905,,21.5185,,56,-1,-1,0.00420568348165532,0,-0.00420568348165532,-0.109101281859661,-0.109101281859661,-0.000700947246942554
7616,5412,GA,0,-0.095440269303785,1,-0.2625,1.8775,58.3945,98.94875,54,-0.963352713012356,-0.305512505458562,-0.00449528637114797,0.0189744691064819,0.0234697554776299,-0.109101281859661,-0.0589542485639464,0.00391162591293831
7618,5331,PA,1,0.918612592048929,1,2.0735,4.602,166.177,218.03775,53,-0.984784296262419,-0.687918604861082,0.0124776593632091,0.0211064368440786,0.0086287774808695,-0.109101281859661,-0.109101281859661,0.00143812958014492
7720,5412,TX,0,-0.095440269303785,1,0.884,3.5565,58.302,158.0775,54,-0.954161092243834,0.711356385715756,0.0151624301053137,0.0224984580348247,0.00733602792951098,-0.109101281859661,0.069913193933663,0.00122267132158516
7758,5961,CA,0,-0.095440269303785,0,-0.674,0.42275,5.504,4.776,59,-0.800735828488372,-1.13226744186047,-0.122456395348837,0.0885154941373534,0.210971889486191,-0.109101281859661,-0.109101281859661,0.0351619815810318
7780,5411,IL,0.00327510924847162,-1.19805670050086,1,2.8645,,208.901,,54,-1,-1,0.0137122368969033,0,-0.0137122368969033,-0.109101281859661,-0.109101281859661,-0.00228537281615055
7853,5961,PA,1,0.918612592048929,1,2.03,4.059,48.322,67.0715,59,-0.958010843922023,-0.61198832829767,0.0420098505856546,0.0605175074360943,0.0185076568504398,-0.109101281859661,-0.109101281859661,0.00308460947507329
7891,5411,NY,0,-0.095440269303785,1,1.82175,2.1285,87.7205,163.644,54,-0.996503097907559,-0.134483957569781,0.0207676654829829,0.0130068930116595,-0.00776077247132343,-0.109101281859661,-0.0237841522267575,-0.00129346207855391
7922,5651,WA,1,1.93266545340164,1,2.92425,10.05975,79.74,196.9735,56,-0.910515425131678,0.47019688989215,0.0366723100075245,0.0510715908485152,0.0143992808409907,-0.109101281859661,0.0663405305261455,0.00239988014016512
8306,5331,NE,0.015421256262864,-0.0930076969505929,1,1.44575,,73.74175,,53,-1,-1,0.0196055829974201,0,-0.0196055829974201,-0.109101281859661,-0.109101281859661,-0.00326759716623667
8343,5900,MD,0.00344287950172144,-0.0919490074937718,1,1.7875,2.08866666666667,37.3015,59.864,59,-0.991926151316524,-0.395131563073871,0.0479203249199094,0.0348901955543677,-0.0130301293655417,-0.109101281859661,-0.0803763027777178,-0.00217168822759029
8398,5912,OR,1,1.93266545340164,1,2.0845,6.18025,74.5765,213.23425,59,-0.945079884413991,0.859268670425671,0.0279511642407461,0.0289833832979458,0.00103221905719973,-0.109101281859661,0.069913193933663,0.000172036509533288
8400,5912,WA,1,1.79171268791233,1,3.79825,7.526,137.345,305.13025,59,-0.972858495030762,0.221633477738542,0.0276548108777167,0.0246648767206791,-0.00298993415703758,-0.109101281859661,0.033927660936397,-0.000498322359506263
8439,5411,NY,1,0.918612592048929,1,1.11925,1.6005,71.48775,129.7245,54,-0.993268077397876,-0.185360428884669,0.015656528566083,0.012337684862921,-0.00331884370316196,-0.109101281859661,-0.0335911085605841,-0.00055314061719366
8446,5311,TX,0,-0.095440269303785,0,73.625,116.75,2342.17575,3019.5,53,-0.981587632781186,-0.710814079600987,0.031434447222844,0.0386653419440305,0.0072308947211865,-0.109101281859661,-0.109101281859661,0.00120514912019775
8475,5531,PA,0.61009175,0.5232250154714,1,1.0025,3.8855,33.14325,76.45875,55,-0.913013962118983,0.306917698173836,0.030247486290572,0.050818251671653,0.020570765381081,-0.109101281859661,0.0456219861781471,0.00342846089684684
8496,5912,MI,0,-0.906682558385956,1,0.427,1.13625,,71.3755,59,-1,-1,0,0.0159193280607491,0.0159193280607491,-0.109101281859661,-0.109101281859661,0.00265322134345819
8504,5621,NJ,0.991126141009098,0.903755940294061,1,10.3785,11.8995,95.7185,156.394,56,-0.984109654873405,-0.366104775983744,0.10842731551372,0.0760866785170787,-0.0323406369966412,-0.109101281859661,-0.0731639593625251,-0.00539010616610687
8510,5900,CA,0,-0.095440269303785,0,10.3265,-8.65225,213.22875,246.128,59,-1.089006524683,-0.845709126935275,0.0484292104136989,-0.0351534567379575,-0.0835826671516564,-0.109101281859661,-0.109101281859661,-0.0139304445252761
8569,5661,NC,0,-0.095440269303785,1,1.019,,14.9985,,56,-1,-1,0.067940127346068,0,-0.067940127346068,-0.109101281859661,-0.109101281859661,-0.011323354557678
8580,5700,TX,0.0288707793771292,-0.152425780842274,1,0.78725,,28.244,,57,-1,-1,0.0278731766038805,0,-0.0278731766038805,-0.109101281859661,-0.109101281859661,-0.00464552943398008
8622,5812,TX,0,-0.095440269303785,1,0.53325,0.89875,18.622,37.222,58,-0.980372677478251,-0.00118139834604225,0.0286354849103211,0.0241456665412928,-0.00448981836902835,-0.109101281859661,-0.000196996718128228,-0.000748303061504724
8650,5411,MA,0,-0.252609262039173,1,2.29025,8.931,142.82525,304.06525,54,-0.953504369850569,0.128932034076608,0.0160353298873974,0.0293719851249033,0.0133366552375059,-0.109101281859661,0.0204176597960632,0.00222277587291765
8674,5812,SC,0,-0.095440269303785,0,2.2395,3.03275,49.137,107.28475,58,-0.983856360787187,0.183380141237764,0.0455766530313206,0.0282682301072613,-0.0173084229240593,-0.109101281859661,0.0284599388791675,-0.00288473715400988
8814,5411,PR,0,-0.095440269303785,1,0.60575,0.9705,83.92,119.2015,54,-0.995653598665396,-0.579581744518589,0.00721818398474738,0.00814167606951255,0.00092349208476517,-0.109101281859661,-0.109101281859661,0.000153915347460862
8888,5712,IL,0,-1.31230370292704,0,0.58325,0.09675,14.214,24.3365,57,-1.03422681862952,-0.287850007035317,0.0410334881103138,0.00397551003636513,-0.0370579780739487,-0.109101281859661,-0.055007027080523,-0.00617632967899144
8926,5531,NC,0.0664521548540151,-0.0451348486054243,1,0.11875,0.40875,32.76875,43.15275,55,-0.991150104901774,-0.683112721724204,0.00362387945832539,0.00947216573683022,0.00584828627850483,-0.109101281859661,-0.109101281859661,0.000974714379750805
8950,5331,NY,0,-0.095440269303785,0,11.6765,13.9075,593.2385,611.18325,53,-0.996239286560127,-0.969751204616693,0.0196826402871695,0.0227550411435523,0.00307240085638279,-0.109101281859661,-0.109101281859661,0.000512066809397131
9089,5812,NY,0.000956083857168718,-0.09447074973273,1,0.1315,0.56025,18.12975,29.71475,58,-0.976351025248556,-0.360995049573215,0.0072532715564197,0.0188542727096812,0.0116010011532615,-0.109101281859661,-0.0719229419158088,0.00193350019221025
9155,5912,PA,0.979161106972148,0.896749397812494,1,5.174,18.56525,146.5025,305.81575,59,-0.908593710004949,0.0874439002747391,0.0353168034675176,0.0607073049703948,0.0253905015028771,-0.109101281859661,0.0140697090962627,0.00423175025047952
9201,5600,PA,1,0.918612592048929,0,1.3565,,28.897,,56,-1,-1,0.0469425891961103,0,-0.0469425891961103,-0.109101281859661,-0.109101281859661,-0.00782376486601839
9284,5411,NC,0,-0.095440269303785,0,1.50725,2.65125,81.43075,135.33175,54,-0.985951253058581,-0.338075604117609,0.0185095925065163,0.0195907464434621,0.00108115393694581,-0.109101281859661,-0.0664561305650761,0.000180192322824302
9359,5411,CA,0,-0.095440269303785,1,25.57625,45.82575,2812.34925,4646.29125,54,-0.992799791846621,-0.347896780600774,0.00909426523039413,0.00986286643137147,0.000768601200977347,-0.109101281859661,-0.0687790796731501,0.000128100200162891
9361,5812,CA,0,-0.095440269303785,1,1.79175,5.925,120.356,251.54375,58,-0.965658130878394,0.0899975904815713,0.0148870849812224,0.0235545506497379,0.00866746566851549,-0.109101281859661,0.014466218383522,0.00144457761141925
9388,5812,CA,0,-0.095440269303785,1,5.69275,-23.5593333333333,122.07975,50.9703333333333,58,-1.23961454158723,-1.5824833083838,0.0466314028329842,-0.462216583502822,-0.508847986335806,-0.109101281859661,-0.109101281859661,-0.0833333333333333
9430,5912,CA,0,-0.095440269303785,1,1.984,,92.356,,59,-1,-1,0.0214820910390229,0,-0.0214820910390229,-0.109101281859661,-0.109101281859661,-0.00358034850650382
9502,5331,OH,0,-2.12354599200921,0,3.44575,10.453,171.30225,326.14475,53,-0.95909423256262,-0.0960860117132147,0.0201150305965041,0.0320501863053138,0.0119351557088097,-0.109101281859661,-0.0166958972772236,0.00198919261813495
9522,5211,FL,0,-0.095440269303785,1,0.8565,2.829,26.43375,89.7455,52,-0.925379486451979,1.39511041755332,0.0324017591147681,0.0315224718788129,-0.000879287235955179,-0.109101281859661,0.069913193933663,-0.000146547872659196
9567,5411,OH,0,-2.12354599200921,0,0.53525,0.85775,60.70825,118.08075,54,-0.994687707189715,-0.0549472271066948,0.0088167588424967,0.00726409681510322,-0.00155266202739347,-0.109101281859661,-0.00937486415511246,-0.000258777004565579
9618,5960,NY,0.161513375688501,0.0683428314598754,1,2.92525,,102.7015,,59,-1,-1,0.0284830309197042,0,-0.0284830309197042,-0.109101281859661,-0.109101281859661,-0.0047471718199507
9680,5411,NY,0,-0.095440269303785,1,0.13,0.44975,69.41425,127.984,54,-0.995393597136035,-0.156228728251044,0.00187281429965749,0.00351411113889236,0.00164129683923487,-0.109101281859661,-0.0279152669084014,0.000273549473205812
9712,5500,TX,0,-2.07603754760061,1,2.79,-2.744,98.89925,363.525,55,-1.05595593495401,1.6757103820302,0.0282105273801369,-0.00754831167044908,-0.0357588390505859,-0.109101281859661,0.069913193933663,-0.00595980650843099
9722,5700,PA,0.750227075745686,0.665329643520407,1,0.70975,,19.9225,,57,-1,-1,0.0356255490023842,0,-0.0356255490023842,-0.109101281859661,-0.109101281859661,-0.00593759150039737
9731,5661,NJ,0,-0.095440269303785,1,0.06875,-0.000999999999999996,2.07675,2.55425,56,-1.03358613217768,-0.770073432045263,0.0331046105693993,-0.000391504355485953,-0.0334961149248853,-0.109101281859661,-0.109101281859661,-0.00558268582081421
9770,5411,CA,0,-0.095440269303785,0,0.87075,0.39675,83.548,124.40675,54,-1.00567338535931,-0.51095478048547,0.0104221525350697,0.0031891356377367,-0.00723301689733296,-0.109101281859661,-0.109101281859661,-0.00120550281622216
9842,5900,FL,0,-0.095440269303785,0,1.0015,0.85925,23.93975,90.3145,59,-1.00594200022974,1.77257490157583,0.0418341879092305,0.00951397616108155,-0.0323202117481489,-0.109101281859661,0.069913193933663,-0.00538670195802482
9872,5412,TX,0,-0.095440269303785,0,11.899,32.942,634.02725,2193.01575,54,-0.966810574782077,1.45886671274776,0.0187673321611965,0.0150213239462598,-0.0037460082149367,-0.109101281859661,0.069913193933663,-0.000624334702489449
9918,5812,SC,0,-0.095440269303785,1,1.13925,,17.582,,58,-1,-1,0.0647963826640883,0,-0.0647963826640883,-0.109101281859661,-0.109101281859661,-0.0107993971106814
9926,5812,CA,0,-0.095440269303785,0,0.487,,13.4945,,58,-1,-1,0.0360887769091111,0,-0.0360887769091111,-0.109101281859661,-0.109101281859661,-0.00601479615151852
9943,5661,MA,0,-0.193545644200368,1,0.35025,0.32125,17.0935,25.174,56,-1.00169655132068,-0.527276450112616,0.0204902448299061,0.0127611821720823,-0.0077290626578238,-0.109101281859661,-0.109101281859661,-0.0012881771096373
9985,5200,CA,0,-0.0983061745929041,1,2.84225,4.64375,37.9025,74.2035,52,-0.952470153683794,-0.0422531495283956,0.0749884572257767,0.0625812798587668,-0.0124071773670099,-0.109101281859661,-0.00716947313510485,-0.00206786289450165
10131,5900,NJ,0.745498331773139,0.660534447164442,1,3.3285,3.85,96.28975,196.327,59,-0.994584054896809,0.0389189918968531,0.0345675422358039,0.0196101402252365,-0.0149574020105674,-0.109101281859661,0.00638374675744768,-0.00249290033509457
10173,5412,FL,0,-0.095440269303785,1,0.358,0.4545,20.30625,42.6475,54,-0.995247768544167,0.100215450907972,0.0176300400123115,0.0106571311331262,-0.00697290887918527,-0.109101281859661,0.0160450318365741,-0.00116215147986421
10199,5411,NJ,1,0.918612592048929,0,3.713,10.1685,430.9865,879.3865,54,-0.985021572601462,0.0404038177529926,0.00861511903505098,0.0115631750089409,0.00294805597388991,-0.109101281859661,0.00662332519368114,0.000491342662314985
10331,5712,TX,0,-0.095440269303785,0,0.6205,-1.37475,9.50625,15.75825,57,-1.20988823142669,-0.34232741617357,0.0652728468113084,-0.0872400171338822,-0.152512863945191,-0.109101281859661,-0.0674582385570232,-0.0254188106575318
10332,5731,TX,0,-0.095440269303785,0,17.2605,69.63025,237.31675,618.797,57,-0.779325521692,0.607472923845451,0.0727319078826084,0.112525190005769,0.0397932821231609,-0.109101281859661,0.069913193933663,0.00663221368719348
10333,5940,TX,0.0230808567847491,-0.0330263789969928,1,2.0145,0.68175,46.045,15.278,59,-1.02894451080465,-1.66819415788902,0.0437506786838962,0.0446229873020029,0.0008723086181067,-0.109101281859661,-0.109101281859661,0.00014538476968445
10554,5700,CA,0.957627118084746,0.875644249899005,1,0.303,0.50125,6.6555,12.681,57,-0.970212606115243,-0.0946585530764028,0.0455262564796033,0.0395276397760429,-0.00599861670356044,-0.109101281859661,-0.0164372621898538,-0.000999769450593407
10558,5912,CA,1,1.93266545340164,1,2.144,5.62575,168.6565,296.95325,59,-0.979355969085093,-0.239301479634642,0.0127122287015324,0.0189449012597101,0.00623267255817766,-0.109101281859661,-0.0445629128685983,0.00103877875969628
10639,5945,NJ,0.971631206486525,0.878338153400404,1,2.41725,23.07925,68.56675,329.91025,59,-0.698658606394499,2.81151943179457,0.035253967848848,0.0699561471642667,0.0347021793154186,-0.109101281859661,0.069913193933663,0.00578369655256977
10699,5812,NY,0,-0.095440269303785,0,14.3155,-1.91575,847.32525,499.1545,58,-1.01915586724224,-1.41090567052026,0.0168949290723958,-0.0038379900411596,-0.0207329191135554,-0.109101281859661,-0.109101281859661,-0.00345548651892589
10969,5621,OH,0,-2.12354599200921,0,4.7985,18.80525,151.81,376.94325,56,-0.907734997694486,0.482993544562282,0.031608589684474,0.0498888095223883,0.0182802198379143,-0.109101281859661,0.067881862053272,0.00304670330631905
11002,5961,NY,0,-0.095440269303785,1,0.16025,0.4425,21.6985,17.9733333333333,59,-0.98699218840012,-1.17167853384643,0.00738530313155287,0.0246198071216617,0.0172345039901088,-0.109101281859661,-0.109101281859661,0.00287241733168481
11085,5812,ME,0.00208159854046628,-0.0933294183476376,1,0.714,,14.118,,58,-1,-1,0.0505737356566086,0,-0.0505737356566086,-0.109101281859661,-0.109101281859661,-0.0084289559427681
11215,5651,NY,0,-0.0954402693037851,1,0.17925,0.07225,7.81875,7.56775,56,-1.01368505195843,-1.03210231814548,0.0229256594724221,0.00954709127547818,-0.0133785681969439,-0.109101281859661,-0.109101281859661,-0.00222976136615731
11259,5331,AR,1,2.60870069430345,0,5.29775,49.061,169.614,1166.72725,53,-0.741983267890622,4.87872021177497,0.0312341551994529,0.0420501021125546,0.0108159469131017,-0.109101281859661,0.069913193933663,0.00180265781885029
11263,5411,NJ,0,-0.095440269303785,1,1.58875,3.485,212.135333333333,396.72275,54,-0.991061130787579,-0.129860105027294,0.00748932285365003,0.00878447227944452,0.0012951494257945,-0.109101281859661,-0.0229168732720728,0.000215858237632416
11264,5912,IL,0,-1.31230370292704,1,3.81975,17.44725,266.50425,590.1535,59,-0.948865731034308,0.21442434782935,0.0143327920661678,0.0295639185398375,0.0152311264736697,-0.109101281859661,0.0329082454226388,0.00253852107894495
11339,5411,TX,0,-0.095440269303785,0,0.43375,,109.978,,54,-1,-1,0.00394397061230428,0,-0.00394397061230428,-0.109101281859661,-0.109101281859661,-0.000657328435384047
11343,5411,PA,0.868173257363465,0.784933306475543,1,5.21025,12.53,115.32025,222.96425,54,-0.936526759177161,-0.0665646319705343,0.0451807033023255,0.0561973500236024,0.011016646721277,-0.109101281859661,-0.0114149419034842,0.00183610778687949
11491,5311,IL,0,-1.31230370292704,1,0.746,-0.8675,39.80425,45.351,53,-1.04053587242568,-0.860649302524228,0.0187417172789338,-0.0191285748936076,-0.0378702921725414,-0.109101281859661,-0.109101281859661,-0.00631171536209024
11534,5621,MI,0,-0.906682558385956,1,0.52575,0.41725,20.73,25.221,56,-1.0052339604438,-0.783357452966715,0.0253617945007236,0.0165437532215217,-0.00881804127920185,-0.109101281859661,-0.109101281859661,-0.00146967354653364
11535,5411,FL,0,-0.095440269303785,1,17.6,28.365,999.17475,1754.65125,54,-0.989226108846325,-0.243899528085553,0.0176145363961609,0.0161656055583695,-0.00144893083779143,-0.109101281859661,-0.0455278705758496,-0.000241488472965238
11543,5621,WI,0,-0.095440269303785,0,1.913,0.36025,16.22025,10.26175,56,-1.09572910405203,-1.36734945515636,0.117938996008076,0.0351060978877872,-0.0828328981202892,-0.109101281859661,-0.109101281859661,-0.0138054830200482
11579,5311,DC,0,-0.095440269303785,1,2.8465,3.88725,62.2675,100.90025,53,-0.983285823262537,-0.379567992933713,0.0457140562893966,0.0385256726321293,-0.0071883836572673,-0.109101281859661,-0.0764742004261808,-0.00119806394287788
11584,5661,NY,0,-0.095440269303785,0,21.375,29.5,1383.625,,56,-0.99412774415033,-1,0.0154485500045171,0,-0.0154485500045171,-0.109101281859661,-0.109101281859661,-0.00257475833408619
11669,5944,TX,0,-0.095440269303785,0,7.08825,8.84675,197.639,415.779,59,-0.991102464594539,0.103729527067026,0.0358646319805302,0.0212775296491646,-0.0145871023313656,-0.109101281859661,0.0165851862222846,-0.00243118372189426
11672,5651,MA,0,-0.095440269303785,0,2.939,15.3565,315.32525,653.41675,56,-0.960620026464738,0.0721992609218578,0.00932053490800372,0.0235018462566195,0.0141813113486158,-0.109101281859661,0.0116864125762775,0.00236355189143597
12061,5900,TX,0,-0.095440269303785,0,1.24975,0.3905,29.1005,63.7605,59,-1.02952698407244,0.191044827408464,0.042945997491452,0.00612448145795595,-0.0368215160334961,-0.109101281859661,0.0295671673222546,-0.00613691933891602
12474,5712,FL,0.0134874760647399,-0.0680862419120336,1,2.984,6.85225,107.06275,161.10875,57,-0.963869319627975,-0.495193239478717,0.027871505262101,0.0425318302078565,0.0146603249457555,-0.109101281859661,-0.107679520723592,0.00244338749095925
12681,5411,OR,1,0.918612592048929,0,4.2505,14.793,205.6195,,54,-0.948728111876549,-1,0.0206716775403111,0,-0.0206716775403111,-0.109101281859661,-0.109101281859661,-0.00344527959005185
13121,5812,SC,0,-0.095440269303785,0,14.3155,-1.91575,847.32525,499.1545,58,-1.01915586724224,-1.41090567052026,0.0168949290723958,-0.0038379900411596,-0.0207329191135554,-0.109101281859661,-0.109101281859661,-0.00345548651892589
13961,5912,OH,0,-2.12354599200921,0,7.344,23.35275,198.00825,556.87675,59,-0.919151095977062,0.812391655398197,0.0370893637007549,0.0419352217523896,0.00484585805163466,-0.109101281859661,0.069913193933663,0.000807643008605777
14097,5812,PA,1,0.918612592048929,0,9.8035,13.422,386.2545,764.14775,58,-0.99063182435415,-0.0216469969929151,0.02538093407326,0.0175646659955486,-0.00781626807771135,-0.109101281859661,-0.00364081116634307,-0.00130271134628523
23769,5812,CA,0,-0.095440269303785,0,1.529,4.66025,42.01525,98.9325,58,-0.92547348879276,0.354680740921451,0.0363915483068648,0.0471053496070553,0.0107138013001905,-0.109101281859661,0.0518960544068126,0.00178563355003176
65499,5731,VA,0,-0.095440269303785,1,0.513,3.00225,22.69975,89.177,57,-0.890340201984603,1.92854546856243,0.0225993678344475,0.0336661919553248,0.0110668241208773,-0.109101281859661,0.069913193933663,0.00184447068681288
